code,name,industry
sz000001,平安银行,银行
sz000002,万  科Ａ,房地产
sz000006,深振业Ａ,房地产
sz000007,全新好,商贸零售
sz000008,神州高铁,机械设备
sz000009,中国宝安,电力设备
sz000011,深物业A,房地产
sz000012,南  玻Ａ,建筑材料
sz000014,沙河股份,房地产
sz000017,深中华A,纺织服饰
sz000019,深粮控股,农林牧渔
sz000020,深华发Ａ,电子
sz000021,深科技,电子
sz000024,招商地产,-
sz000025,特  力Ａ,综合
sz000026,飞亚达,纺织服饰
sz000027,深圳能源,公用事业
sz000028,国药一致,医药生物
sz000029,深深房Ａ,房地产
sz000030,富奥股份,汽车
sz000031,大悦城,房地产
sz000032,深桑达Ａ,建筑装饰
sz000034,神州数码,计算机
sz000035,中国天楹,环保
sz000036,华联控股,房地产
sz000037,深南电A,公用事业
sz000039,中集集团,机械设备
sz000042,中洲控股,房地产
sz000045,深纺织Ａ,电子
sz000048,京基智农,农林牧渔
sz000049,德赛电池,电力设备
sz000050,深天马Ａ,电子
sz000055,方大集团,建筑材料
sz000058,深 赛 格,商贸零售
sz000059,华锦股份,石油石化
sz000060,中金岭南,有色金属
sz000061,农 产 品,商贸零售
sz000062,深圳华强,电子
sz000063,中兴通讯,通信
sz000065,北方国际,建筑装饰
sz000066,中国长城,计算机
sz000068,华控赛格,环保
sz000069,华侨城Ａ,房地产
sz000070,特发信息,通信
sz000088,盐 田 港,交通运输
sz000089,深圳机场,交通运输
sz000090,天健集团,房地产
sz000096,广聚能源,石油石化
sz000099,中信海直,交通运输
sz000100,TCL科技,电子
sz000151,中成股份,商贸零售
sz000153,丰原药业,医药生物
sz000155,川能动力,公用事业
sz000156,华数传媒,传媒
sz000157,中联重科,机械设备
sz000158,常山北明,计算机
sz000159,国际实业,电力设备
sz000166,申万宏源,非银金融
sz000301,东方盛虹,石油石化
sz000333,美的集团,家用电器
sz000338,潍柴动力,汽车
sz000400,许继电气,电力设备
sz000401,金隅冀东,建筑材料
sz000402,金 融 街,房地产
sz000403,派林生物,医药生物
sz000404,长虹华意,家用电器
sz000406,石油大明,-
sz000407,胜利股份,公用事业
sz000408,藏格矿业,基础化工
sz000409,云鼎科技,计算机
sz000410,沈阳机床,机械设备
sz000411,英特集团,医药生物
sz000415,渤海租赁,非银金融
sz000417,合百集团,商贸零售
sz000418,小天鹅A,-
sz000419,通程控股,商贸零售
sz000420,吉林化纤,基础化工
sz000421,南京公用,综合
sz000422,湖北宜化,基础化工
sz000423,东阿阿胶,医药生物
sz000425,徐工机械,机械设备
sz000426,兴业银锡,有色金属
sz000428,华天酒店,社会服务
sz000429,粤高速Ａ,交通运输
sz000430,张家界,社会服务
sz000498,山东路桥,建筑装饰
sz000501,武商集团,商贸零售
sz000503,国新健康,计算机
sz000504,南华生物,医药生物
sz000505,京粮控股,农林牧渔
sz000506,招金黄金,有色金属
sz000507,珠海港,公用事业
sz000508,琼民源A,-
sz000509,华塑控股,电子
sz000510,新金路,基础化工
sz000513,丽珠集团,医药生物
sz000514,渝 开 发,房地产
sz000515,攀渝钛业,-
sz000516,国际医学,医药生物
sz000517,荣安地产,房地产
sz000518,四环生物,医药生物
sz000519,中兵红箭,国防军工
sz000520,凤凰航运,交通运输
sz000521,长虹美菱,家用电器
sz000522,白云山A,-
sz000523,红棉股份,综合
sz000524,岭南控股,社会服务
sz000525,红太阳,基础化工
sz000526,学大教育,社会服务
sz000527,美的电器,-
sz000528,柳    工,机械设备
sz000529,广弘控股,食品饮料
sz000530,冰山冷热,机械设备
sz000531,穗恒运Ａ,公用事业
sz000532,华金资本,非银金融
sz000533,顺钠股份,电力设备
sz000534,万泽股份,医药生物
sz000536,华映科技,电子
sz000537,绿发电力,公用事业
sz000538,云南白药,医药生物
sz000539,粤电力Ａ,公用事业
sz000541,佛山照明,家用电器
sz000542,TCL通讯,-
sz000543,皖能电力,公用事业
sz000544,中原环保,环保
sz000545,金浦钛业,基础化工
sz000546,金圆股份,环保
sz000547,航天发展,国防军工
sz000548,湖南投资,交通运输
sz000549,S湘火炬,-
sz000550,江铃汽车,汽车
sz000551,创元科技,环保
sz000552,甘肃能化,煤炭
sz000553,安道麦A,基础化工
sz000554,泰山石油,石油石化
sz000555,神州信息,计算机
sz000557,西部创业,交通运输
sz000558,天府文旅,社会服务
sz000559,万向钱潮,汽车
sz000560,我爱我家,房地产
sz000561,烽火电子,国防军工
sz000562,宏源证券,-
sz000563,陕国投Ａ,非银金融
sz000564,供销大集,商贸零售
sz000565,渝三峡Ａ,基础化工
sz000566,海南海药,医药生物
sz000567,海德股份,非银金融
sz000568,泸州老窖,食品饮料
sz000569,长城股份,-
sz000570,苏常柴Ａ,汽车
sz000571,新大洲A,煤炭
sz000572,海马汽车,汽车
sz000573,粤宏远Ａ,房地产
sz000576,甘化科工,国防军工
sz000578,盐湖集团,-
sz000581,威孚高科,汽车
sz000582,北部湾港,交通运输
sz000586,汇源通信,通信
sz000589,贵州轮胎,汽车
sz000590,古汉医药,医药生物
sz000591,太阳能,公用事业
sz000592,平潭发展,农林牧渔
sz000593,德龙汇能,公用事业
sz000595,新能股份,公用事业
sz000596,古井贡酒,食品饮料
sz000597,东北制药,医药生物
sz000598,兴蓉环境,环保
sz000599,青岛双星,汽车
sz000600,建投能源,公用事业
sz000601,韶能股份,公用事业
sz000602,金马集团,-
sz000603,盛达资源,有色金属
sz000605,渤海股份,环保
sz000607,华媒控股,传媒
sz000608,阳光股份,房地产
sz000612,焦作万方,有色金属
sz000617,中油资本,非银金融
sz000618,吉林化工,-
sz000619,海螺新材,建筑材料
sz000620,盈新发展,房地产
sz000623,吉林敖东,医药生物
sz000625,长安汽车,汽车
sz000626,远大控股,交通运输
sz000628,高新发展,建筑装饰
sz000629,钒钛股份,钢铁
sz000630,铜陵有色,有色金属
sz000631,顺发恒能,公用事业
sz000633,合金投资,有色金属
sz000635,英 力 特,基础化工
sz000636,风华高科,电子
sz000637,茂化实华,石油石化
sz000650,仁和药业,医药生物
sz000651,格力电器,家用电器
sz000652,泰达股份,综合
sz000655,金岭矿业,钢铁
sz000656,金科股份,房地产
sz000657,中钨高新,有色金属
sz000659,珠海中富,轻工制造
sz000661,长春高新,医药生物
sz000663,永安林业,农林牧渔
sz000665,湖北广电,传媒
sz000666,经纬纺机,-
sz000668,荣丰控股,房地产
sz000670,盈方微,电子
sz000672,上峰材料,建筑材料
sz000676,智度股份,传媒
sz000678,襄阳轴承,汽车
sz000679,大连友谊,商贸零售
sz000680,山推股份,机械设备
sz000681,视觉中国,传媒
sz000682,东方电子,电力设备
sz000683,博源化工,基础化工
sz000685,中山公用,环保
sz000686,东北证券,非银金融
sz000688,国城矿业,有色金属
sz000690,宝新能源,公用事业
sz000691,亚太实业,基础化工
sz000692,惠天热电,公用事业
sz000695,滨海能源,电力设备
sz000697,炼石航空,国防军工
sz000700,模塑科技,汽车
sz000701,厦门信达,商贸零售
sz000702,正虹科技,农林牧渔
sz000703,恒逸石化,石油石化
sz000705,浙江震元,医药生物
sz000707,双环科技,基础化工
sz000708,中信特钢,钢铁
sz000709,河钢股份,钢铁
sz000710,贝瑞基因,医药生物
sz000711,京蓝科技,环保
sz000712,锦龙股份,非银金融
sz000713,国投丰乐,农林牧渔
sz000715,中兴商业,商贸零售
sz000716,黑芝麻,食品饮料
sz000717,中南股份,钢铁
sz000718,苏宁环球,房地产
sz000719,中原传媒,传媒
sz000720,新能泰山,电力设备
sz000721,西安饮食,社会服务
sz000722,湖南发展,公用事业
sz000723,美锦能源,煤炭
sz000725,京东方Ａ,电子
sz000726,鲁  泰Ａ,纺织服饰
sz000727,冠捷科技,电子
sz000728,国元证券,非银金融
sz000729,燕京啤酒,食品饮料
sz000731,四川美丰,基础化工
sz000733,振华科技,国防军工
sz000735,罗 牛 山,农林牧渔
sz000736,中交发展,房地产
sz000737,北方铜业,有色金属
sz000738,航发控制,国防军工
sz000739,普洛药业,医药生物
sz000748,长城信息,-
sz000750,国海证券,非银金融
sz000751,锌业股份,有色金属
sz000753,漳州发展,综合
sz000755,山西高速,交通运输
sz000756,新华制药,医药生物
sz000757,浩物股份,汽车
sz000758,中色股份,有色金属
sz000759,中百集团,商贸零售
sz000761,本钢板材,钢铁
sz000762,西藏矿业,有色金属
sz000763,锦州石化,-
sz000766,通化金马,医药生物
sz000767,晋控电力,公用事业
sz000768,中航西飞,国防军工
sz000776,广发证券,非银金融
sz000777,中核科技,机械设备
sz000778,新兴铸管,钢铁
sz000779,甘咨询,建筑装饰
sz000782,恒申新材,基础化工
sz000783,长江证券,非银金融
sz000785,居然智家,商贸零售
sz000786,北新建材,建筑材料
sz000788,北大医药,医药生物
sz000789,万年青,建筑材料
sz000790,华神科技,医药生物
sz000791,甘肃能源,公用事业
sz000792,盐湖股份,基础化工
sz000795,英洛华,有色金属
sz000796,凯撒旅业,社会服务
sz000797,中国武夷,房地产
sz000798,中水渔业,农林牧渔
sz000799,酒鬼酒,食品饮料
sz000800,一汽解放,汽车
sz000801,四川九洲,家用电器
sz000802,北京文化,传媒
sz000803,山高环能,环保
sz000807,云铝股份,有色金属
sz000809,和展能源,电力设备
sz000810,创维数字,家用电器
sz000811,冰轮环境,机械设备
sz000812,陕西金叶,轻工制造
sz000813,德展健康,医药生物
sz000815,美利云,计算机
sz000816,智慧农业,汽车
sz000817,辽河油田,-
sz000818,航锦科技,基础化工
sz000819,岳阳兴长,石油石化
sz000820,神雾节能,环保
sz000822,山东海化,基础化工
sz000823,超声电子,电子
sz000825,太钢不锈,钢铁
sz000828,东莞控股,交通运输
sz000829,天音控股,商贸零售
sz000830,鲁西化工,基础化工
sz000831,中国稀土,有色金属
sz000833,粤桂股份,综合
sz000837,秦川机床,机械设备
sz000839,国安股份,通信
sz000848,承德露露,食品饮料
sz000850,华茂股份,纺织服饰
sz000852,石化机械,机械设备
sz000856,冀东装备,机械设备
sz000858,五 粮 液,食品饮料
sz000859,国风新材,基础化工
sz000860,顺鑫农业,食品饮料
sz000861,海印股份,-
sz000862,银星能源,公用事业
sz000863,三湘印象,房地产
sz000866,扬子石化,-
sz000868,安凯客车,汽车
sz000869,张  裕Ａ,食品饮料
sz000875,电投绿能,公用事业
sz000876,新 希 望,农林牧渔
sz000877,天山股份,建筑材料
sz000878,云南铜业,有色金属
sz000880,潍柴重机,机械设备
sz000881,中广核技,基础化工
sz000882,华联股份,商贸零售
sz000883,湖北能源,公用事业
sz000885,城发环境,环保
sz000886,海南高速,交通运输
sz000887,中鼎股份,汽车
sz000888,峨眉山Ａ,社会服务
sz000889,中嘉博创,通信
sz000890,法尔胜,环保
sz000892,欢瑞世纪,传媒
sz000893,亚钾国际,基础化工
sz000895,双汇发展,食品饮料
sz000897,津滨发展,房地产
sz000898,鞍钢股份,钢铁
sz000899,赣能股份,公用事业
sz000900,现代投资,交通运输
sz000901,航天科技,汽车
sz000902,新洋丰,基础化工
sz000905,厦门港务,交通运输
sz000906,浙商中拓,交通运输
sz000908,石药景峰,医药生物
sz000910,大亚圣象,轻工制造
sz000912,泸天化,基础化工
sz000913,钱江摩托,汽车
sz000915,华特达因,医药生物
sz000916,华北高速,-
sz000917,电广传媒,传媒
sz000919,金陵药业,医药生物
sz000920,沃顿科技,基础化工
sz000921,海信家电,家用电器
sz000922,佳电股份,电力设备
sz000923,河钢资源,钢铁
sz000925,众合科技,机械设备
sz000926,福星股份,房地产
sz000927,中国铁物,机械设备
sz000928,中钢国际,建筑装饰
sz000929,兰州黄河,食品饮料
sz000930,中粮科技,农林牧渔
sz000931,中 关 村,医药生物
sz000932,华菱钢铁,钢铁
sz000933,神火股份,有色金属
sz000935,四川双马,非银金融
sz000936,华西股份,基础化工
sz000937,冀中能源,煤炭
sz000938,紫光股份,计算机
sz000948,南天信息,计算机
sz000949,新乡化纤,基础化工
sz000950,重药控股,医药生物
sz000951,中国重汽,汽车
sz000952,广济药业,医药生物
sz000953,中哲精化,医药生物
sz000955,欣龙控股,纺织服饰
sz000956,中原油气,-
sz000957,中通客车,汽车
sz000958,电投产融,公用事业
sz000959,首钢股份,钢铁
sz000960,锡业股份,有色金属
sz000962,东方钽业,有色金属
sz000963,华东医药,医药生物
sz000965,天保基建,房地产
sz000966,长源电力,公用事业
sz000967,盈峰环境,环保
sz000968,蓝焰控股,石油石化
sz000969,安泰科技,有色金属
sz000970,中科三环,有色金属
sz000972,中基健康,农林牧渔
sz000973,佛塑科技,基础化工
sz000975,山金国际,有色金属
sz000977,浪潮信息,计算机
sz000978,桂林旅游,社会服务
sz000980,众泰汽车,汽车
sz000981,山子高科,汽车
sz000982,中银绒业,-
sz000983,山西焦煤,煤炭
sz000985,大庆华科,石油石化
sz000987,越秀资本,非银金融
sz000988,华工科技,机械设备
sz000989,九芝堂,医药生物
sz000990,诚志股份,基础化工
sz000991,通海高科,-
sz000993,闽东电力,公用事业
sz000995,皇台酒业,食品饮料
sz000997,新 大 陆,计算机
sz000998,隆平高科,农林牧渔
sz000999,华润三九,医药生物
sz001201,东瑞股份,农林牧渔
sz001202,炬申股份,交通运输
sz001203,大中矿业,钢铁
sz001205,盛航股份,交通运输
sz001206,依依股份,美容护理
sz001207,联科科技,基础化工
sz001208,华菱线缆,电力设备
sz001209,洪兴股份,纺织服饰
sz001210,金房能源,公用事业
sz001211,双枪科技,轻工制造
sz001212,中旗新材,建筑材料
sz001213,中铁特货,交通运输
sz001215,千味央厨,食品饮料
sz001216,华瓷股份,轻工制造
sz001217,华尔泰,基础化工
sz001218,丽臣实业,基础化工
sz001219,青岛食品,食品饮料
sz001220,世盟股份,交通运输
sz001221,悍高集团,轻工制造
sz001222,源飞宠物,轻工制造
sz001223,欧克科技,机械设备
sz001225,和泰机电,机械设备
sz001226,拓山重工,机械设备
sz001227,兰州银行,银行
sz001228,永泰运,交通运输
sz001229,魅视科技,计算机
sz001230,劲旅环境,环保
sz001231,农心科技,基础化工
sz001232,嘉立创,电子
sz001233,海安集团,汽车
sz001234,泰慕士,纺织服饰
sz001235,无效里得,-
sz001236,弘业期货,非银金融
sz001237,惠康科技,机械设备
sz001238,浙江正特,轻工制造
sz001239,永达股份,机械设备
sz001246,力勤资源,-
sz001248,华润新能源,公用事业
sz001255,博菲电气,基础化工
sz001256,炜冈科技,机械设备
sz001257,盛龙股份,有色金属
sz001258,立新能源,公用事业
sz001259,利仁科技,家用电器
sz001260,坤泰股份,汽车
sz001266,宏英智能,机械设备
sz001267,汇绿生态,通信
sz001268,联合精密,家用电器
sz001269,欧晶科技,电力设备
sz001270,铖昌科技,国防军工
sz001277,速达股份,机械设备
sz001278,一彬科技,汽车
sz001279,强邦新材,轻工制造
sz001280,中国铀业,有色金属
sz001282,三联锻造,汽车
sz001283,豪鹏科技,电力设备
sz001285,瑞立科密,汽车
sz001286,陕西能源,公用事业
sz001287,中电港,电子
sz001288,运机集团,机械设备
sz001289,龙源电力,公用事业
sz001296,长江材料,基础化工
sz001298,好上好,电子
sz001299,美能能源,公用事业
sz001300,三柏硕,轻工制造
sz001301,尚太科技,电力设备
sz001306,夏厦精密,机械设备
sz001308,康冠科技,电子
sz001309,德明利,电子
sz001311,多利科技,汽车
sz001312,福恩股份,纺织服饰
sz001313,粤海饲料,农林牧渔
sz001314,亿道信息,电子
sz001316,润贝航科,石油石化
sz001317,三羊马,交通运输
sz001318,阳光乳业,食品饮料
sz001319,铭科精技,汽车
sz001322,箭牌家居,轻工制造
sz001323,慕思股份,轻工制造
sz001324,长青科技,机械设备
sz001325,元创股份,基础化工
sz001326,联域股份,家用电器
sz001328,登康口腔,美容护理
sz001330,博纳影业,传媒
sz001331,胜通能源,公用事业
sz001332,锡装股份,机械设备
sz001333,光华股份,基础化工
sz001335,信凯科技,基础化工
sz001336,楚环科技,环保
sz001337,四川黄金,有色金属
sz001338,永顺泰,农林牧渔
sz001339,智微智能,计算机
sz001356,富岭股份,轻工制造
sz001358,兴欣新材,基础化工
sz001359,平安电工,基础化工
sz001360,南矿集团,机械设备
sz001365,天海电子,汽车
sz001366,播恩集团,农林牧渔
sz001367,海森药业,医药生物
sz001368,通达创智,轻工制造
sz001369,双欣材料,基础化工
sz001373,翔腾新材,电子
sz001376,百通能源,公用事业
sz001378,德冠新材,基础化工
sz001379,腾达科技,机械设备
sz001380,华纬科技,汽车
sz001382,新亚电缆,电力设备
sz001386,马可波罗,轻工制造
sz001387,雪祺电气,家用电器
sz001388,信通电子,电力设备
sz001389,广合科技,电子
sz001390,古麒绒材,纺织服饰
sz001391,国货航,交通运输
sz001393,维通利,电力设备
sz001395,亚联机械,机械设备
sz001396,誉帆科技,建筑装饰
sz001399,惠科股份,电子
sz001400,江顺科技,机械设备
sz001696,宗申动力,机械设备
sz001872,招商港口,交通运输
sz001896,豫能控股,公用事业
sz001914,招商积余,房地产
sz001965,招商公路,交通运输
sz001979,招商蛇口,房地产
sz002001,新 和 成,基础化工
sz002003,伟星股份,纺织服饰
sz002004,华邦健康,医药生物
sz002005,德豪润达,家用电器
sz002006,精工科技,机械设备
sz002007,华兰生物,医药生物
sz002008,大族激光,机械设备
sz002009,天奇股份,机械设备
sz002010,传化智联,交通运输
sz002011,盾安环境,家用电器
sz002012,凯恩股份,轻工制造
sz002013,中航机电,-
sz002014,永新股份,轻工制造
sz002015,协鑫能科,公用事业
sz002016,世荣兆业,房地产
sz002017,东信和平,通信
sz002019,亿帆医药,医药生物
sz002020,京新药业,医药生物
sz002021,中捷资源,机械设备
sz002022,科华生物,医药生物
sz002023,海特高新,国防军工
sz002025,航天电器,国防军工
sz002026,山东威达,机械设备
sz002027,分众传媒,传媒
sz002028,思源电气,电力设备
sz002029,七 匹 狼,纺织服饰
sz002030,达安基因,医药生物
sz002031,巨轮智能,机械设备
sz002032,苏 泊 尔,家用电器
sz002033,丽江股份,社会服务
sz002034,旺能环境,环保
sz002035,华帝股份,家用电器
sz002036,联创电子,电子
sz002037,保利联合,基础化工
sz002038,双鹭药业,医药生物
sz002039,黔源电力,公用事业
sz002040,南 京 港,交通运输
sz002041,登海种业,农林牧渔
sz002042,华孚时尚,纺织服饰
sz002043,兔 宝 宝,建筑材料
sz002044,美年健康,医药生物
sz002045,国光电器,电子
sz002046,国机精工,机械设备
sz002047,宝鹰股份,建筑装饰
sz002048,宁波华翔,汽车
sz002049,紫光国微,电子
sz002050,三花智控,家用电器
sz002051,中工国际,建筑装饰
sz002052,同洲电子,电力设备
sz002053,云南能投,公用事业
sz002054,德美化工,基础化工
sz002056,横店东磁,电力设备
sz002057,中钢天源,社会服务
sz002058,紫竹高科,电力设备
sz002059,云南旅游,社会服务
sz002060,广东建工,建筑装饰
sz002061,浙江交科,建筑装饰
sz002062,宏润建设,建筑装饰
sz002063,远光软件,计算机
sz002064,华峰化学,基础化工
sz002065,东华软件,计算机
sz002066,瑞泰科技,建筑材料
sz002067,景兴纸业,轻工制造
sz002068,黑猫股份,基础化工
sz002069,獐子岛,农林牧渔
sz002072,凯瑞德,商贸零售
sz002073,软控股份,机械设备
sz002074,国轩高科,电力设备
sz002075,沙钢股份,钢铁
sz002076,星光股份,家用电器
sz002077,大港股份,电子
sz002078,太阳纸业,轻工制造
sz002079,苏州固锝,电力设备
sz002080,中材科技,建筑材料
sz002081,金 螳 螂,建筑装饰
sz002083,孚日股份,纺织服饰
sz002084,海鸥住工,轻工制造
sz002085,万丰奥威,汽车
sz002086,东方海洋,农林牧渔
sz002088,鲁阳节能,建筑材料
sz002090,金智科技,电力设备
sz002091,江苏国泰,商贸零售
sz002092,中泰化学,基础化工
sz002093,国脉科技,社会服务
sz002094,青岛金王,美容护理
sz002095,生 意 宝,传媒
sz002096,易普力,基础化工
sz002097,山河智能,机械设备
sz002098,浔兴股份,纺织服饰
sz002099,海翔药业,医药生物
sz002100,天康生物,农林牧渔
sz002101,广东鸿图,汽车
sz002103,广博股份,轻工制造
sz002104,恒宝股份,通信
sz002105,信隆健康,汽车
sz002106,莱宝高科,电子
sz002107,沃华医药,医药生物
sz002108,沧州明珠,基础化工
sz002110,三钢闽光,钢铁
sz002111,威海广泰,国防军工
sz002112,三变科技,电力设备
sz002114,罗平锌电,有色金属
sz002115,三维通信,通信
sz002116,中国海诚,建筑装饰
sz002117,东港股份,轻工制造
sz002119,康强电子,电子
sz002120,韵达股份,交通运输
sz002121,科陆电子,电力设备
sz002123,梦网科技,通信
sz002124,天邦食品,农林牧渔
sz002125,湘潭电化,电力设备
sz002126,银轮股份,汽车
sz002127,南极电商,商贸零售
sz002128,电投能源,煤炭
sz002129,TCL中环,电力设备
sz002130,沃尔核材,电子
sz002131,利欧股份,机械设备
sz002132,恒星科技,机械设备
sz002133,广宇集团,房地产
sz002134,天津普林,电子
sz002135,东南网架,建筑装饰
sz002136,安 纳 达,基础化工
sz002137,实益达,电子
sz002138,顺络电子,电子
sz002139,拓邦股份,电子
sz002140,东华科技,建筑装饰
sz002141,贤丰控股,电子
sz002142,宁波银行,银行
sz002144,宏达高科,纺织服饰
sz002145,钛能化学,基础化工
sz002146,荣盛发展,房地产
sz002148,北纬科技,通信
sz002149,西部材料,有色金属
sz002150,正泰电源,电力设备
sz002151,北斗星通,国防军工
sz002152,广电运通,计算机
sz002153,石基信息,计算机
sz002154,报 喜 鸟,纺织服饰
sz002155,湖南黄金,有色金属
sz002156,通富微电,电子
sz002157,正邦科技,农林牧渔
sz002158,汉钟精机,机械设备
sz002159,三特索道,社会服务
sz002160,常铝股份,有色金属
sz002161,远 望 谷,电子
sz002162,悦心健康,轻工制造
sz002163,海南发展,建筑装饰
sz002164,宁波东力,机械设备
sz002165,红 宝 丽,基础化工
sz002166,莱茵生物,基础化工
sz002167,东方锆业,有色金属
sz002169,智光电气,电力设备
sz002170,芭田股份,基础化工
sz002171,楚江新材,有色金属
sz002172,澳洋健康,医药生物
sz002173,创新医疗,医药生物
sz002174,游族网络,传媒
sz002176,江特电机,电力设备
sz002177,御银股份,商贸零售
sz002178,延华智能,计算机
sz002179,中航光电,国防军工
sz002180,奔图科技,计算机
sz002181,粤 传 媒,传媒
sz002182,宝武镁业,有色金属
sz002183,怡 亚 通,商贸零售
sz002184,海得控制,机械设备
sz002185,华天科技,电子
sz002186,全 聚 德,社会服务
sz002187,广百股份,商贸零售
sz002188,中天服务,房地产
sz002189,中光学,国防军工
sz002190,成飞集成,汽车
sz002191,劲嘉股份,轻工制造
sz002192,融捷股份,有色金属
sz002194,武汉凡谷,通信
sz002195,岩山科技,计算机
sz002196,方正电机,电力设备
sz002197,证通电子,计算机
sz002199,东晶电子,电子
sz002200,交投生态,建筑装饰
sz002201,九鼎新材,建筑材料
sz002202,金风科技,电力设备
sz002203,海亮股份,有色金属
sz002204,大连重工,机械设备
sz002205,国统股份,建筑材料
sz002206,海 利 得,基础化工
sz002208,合肥城建,房地产
sz002209,达 意 隆,机械设备
sz002210,飞马国际,环保
sz002212,天融信,计算机
sz002213,大为股份,电子
sz002214,大立科技,国防军工
sz002215,诺 普 信,农林牧渔
sz002216,三全食品,食品饮料
sz002218,拓日新能,公用事业
sz002219,新里程,医药生物
sz002221,东华能源,石油石化
sz002222,福晶科技,电子
sz002223,鱼跃医疗,医药生物
sz002224,三 力 士,基础化工
sz002225,濮耐股份,建筑材料
sz002226,江南化工,基础化工
sz002228,合兴包装,轻工制造
sz002229,鸿博股份,计算机
sz002230,科大讯飞,计算机
sz002232,启明信息,计算机
sz002233,塔牌集团,建筑材料
sz002234,民和股份,农林牧渔
sz002235,安妮股份,轻工制造
sz002236,大华股份,计算机
sz002237,恒邦股份,有色金属
sz002238,天威视讯,传媒
sz002239,奥特佳,汽车
sz002240,盛新锂能,有色金属
sz002241,歌尔股份,电子
sz002242,九阳股份,家用电器
sz002243,力合科创,社会服务
sz002244,滨江集团,房地产
sz002245,蔚蓝锂芯,电力设备
sz002246,北化股份,基础化工
sz002247,聚力文化,建筑材料
sz002248,华东数控,机械设备
sz002249,大洋电机,电力设备
sz002250,联化科技,基础化工
sz002251,步步高,商贸零售
sz002252,上海莱士,医药生物
sz002253,川大智胜,计算机
sz002254,泰和新材,基础化工
sz002255,海陆重工,电力设备
sz002256,兆新股份,公用事业
sz002257,立立电子,-
sz002258,利尔化学,基础化工
sz002259,升达林业,公用事业
sz002261,拓维信息,计算机
sz002262,恩华药业,医药生物
sz002263,大东南,基础化工
sz002264,新 华 都,传媒
sz002265,建设工业,汽车
sz002266,浙富控股,环保
sz002267,陕天然气,公用事业
sz002268,电科网安,计算机
sz002269,美邦服饰,纺织服饰
sz002270,华明装备,电力设备
sz002271,东方雨虹,建筑材料
sz002272,川润股份,机械设备
sz002273,水晶光电,电子
sz002274,华昌化工,基础化工
sz002275,桂林三金,医药生物
sz002276,万马股份,电力设备
sz002277,友阿股份,商贸零售
sz002278,神开股份,机械设备
sz002279,久其软件,计算机
sz002281,光迅科技,通信
sz002282,博深股份,机械设备
sz002283,天润工业,汽车
sz002284,亚太股份,汽车
sz002285,世联行,房地产
sz002286,保龄宝,农林牧渔
sz002287,奇正藏药,医药生物
sz002289,宇顺电子,电子
sz002290,禾盛新材,家用电器
sz002291,遥望科技,传媒
sz002292,奥飞娱乐,传媒
sz002293,罗莱生活,纺织服饰
sz002294,信立泰,医药生物
sz002295,精艺股份,有色金属
sz002296,辉煌科技,通信
sz002297,博云新材,国防军工
sz002298,中电鑫龙,计算机
sz002299,圣农发展,农林牧渔
sz002300,太阳电缆,电力设备
sz002301,齐心集团,轻工制造
sz002302,西部建设,建筑材料
sz002303,美盈森,轻工制造
sz002304,洋河股份,食品饮料
sz002307,北新路桥,建筑装饰
sz002309,中利集团,电力设备
sz002310,东方新能,公用事业
sz002311,海大集团,农林牧渔
sz002312,川发龙蟒,基础化工
sz002313,日海智能,通信
sz002314,南山控股,房地产
sz002315,焦点科技,商贸零售
sz002316,亚联发展,综合
sz002317,众生药业,医药生物
sz002318,久立特材,钢铁
sz002319,乐通股份,基础化工
sz002320,海峡股份,交通运输
sz002321,华英农业,农林牧渔
sz002322,理工能科,计算机
sz002324,普利特,基础化工
sz002326,永太科技,基础化工
sz002327,富安娜,纺织服饰
sz002328,新朋股份,汽车
sz002329,皇氏集团,食品饮料
sz002330,得利斯,食品饮料
sz002331,皖通科技,计算机
sz002332,仙琚制药,医药生物
sz002333,罗普斯金,建筑材料
sz002334,英威腾,机械设备
sz002335,科华数据,电力设备
sz002337,赛象科技,机械设备
sz002338,奥普光电,国防军工
sz002339,积成电子,电力设备
sz002340,格林美,电力设备
sz002342,巨力索具,机械设备
sz002343,慈文传媒,传媒
sz002344,海宁皮城,商贸零售
sz002345,潮宏基,纺织服饰
sz002346,柘中股份,电力设备
sz002347,泰尔股份,机械设备
sz002348,高乐股份,轻工制造
sz002349,精华制药,医药生物
sz002350,北京科锐,电力设备
sz002351,漫步者,电子
sz002352,顺丰控股,交通运输
sz002353,杰瑞股份,机械设备
sz002354,天娱数科,传媒
sz002355,兴民智通,汽车
sz002356,鹏飞绿能,商贸零售
sz002357,富临运业,交通运输
sz002358,森源电气,电力设备
sz002361,神剑股份,基础化工
sz002362,汉王科技,计算机
sz002363,隆基机械,汽车
sz002364,中恒电气,电力设备
sz002365,永安药业,医药生物
sz002366,融发核电,电力设备
sz002367,康力电梯,机械设备
sz002368,太极股份,计算机
sz002369,卓翼科技,电子
sz002370,亚太药业,医药生物
sz002371,北方华创,电子
sz002372,伟星新材,建筑材料
sz002373,千方科技,计算机
sz002374,中锐股份,轻工制造
sz002375,亚厦股份,建筑装饰
sz002376,新北洋,计算机
sz002377,国创高新,石油石化
sz002378,章源钨业,有色金属
sz002379,宏桥控股,有色金属
sz002380,科远智慧,计算机
sz002381,双箭股份,基础化工
sz002382,蓝帆医疗,医药生物
sz002383,合众思壮,国防军工
sz002384,东山精密,电子
sz002385,大北农,农林牧渔
sz002386,天原股份,基础化工
sz002387,维信诺,电子
sz002388,新亚制程,电子
sz002389,航天彩虹,国防军工
sz002390,信邦制药,医药生物
sz002391,长青股份,基础化工
sz002392,北京利尔,建筑材料
sz002393,力生制药,医药生物
sz002394,联发股份,纺织服饰
sz002395,双象股份,基础化工
sz002396,星网锐捷,通信
sz002397,梦洁股份,纺织服饰
sz002398,垒知集团,建筑材料
sz002399,海普瑞,医药生物
sz002400,省广集团,传媒
sz002401,中远海科,计算机
sz002402,和而泰,电子
sz002403,爱仕达,家用电器
sz002404,嘉欣丝绸,纺织服饰
sz002405,四维图新,计算机
sz002406,远东传动,汽车
sz002407,多氟多,基础化工
sz002408,齐翔腾达,石油石化
sz002409,雅克科技,电子
sz002410,广联达,计算机
sz002412,汉森制药,医药生物
sz002413,雷科防务,国防军工
sz002414,高德红外,国防军工
sz002415,海康威视,计算机
sz002416,爱施德,商贸零售
sz002418,康盛股份,家用电器
sz002419,天虹股份,商贸零售
sz002420,毅昌科技,综合
sz002421,达实智能,计算机
sz002422,科伦药业,医药生物
sz002423,中粮资本,非银金融
sz002425,凯撒文化,传媒
sz002426,胜利精密,电子
sz002427,尤夫股份,基础化工
sz002428,云南锗业,有色金属
sz002429,兆驰股份,家用电器
sz002430,杭氧股份,基础化工
sz002432,九安医疗,医药生物
sz002434,万里扬,汽车
sz002436,兴森科技,电子
sz002437,誉衡药业,医药生物
sz002438,江苏神通,机械设备
sz002439,启明星辰,计算机
sz002440,闰土股份,基础化工
sz002441,众业达,电力设备
sz002442,龙星科技,基础化工
sz002443,金洲管道,钢铁
sz002444,巨星科技,机械设备
sz002445,中南文化,机械设备
sz002446,盛路通信,国防军工
sz002448,中原内配,汽车
sz002449,国星光电,电子
sz002451,摩恩电气,电力设备
sz002452,长高电气,电力设备
sz002453,华软科技,基础化工
sz002454,松芝股份,汽车
sz002455,百川股份,基础化工
sz002456,欧菲光,电子
sz002457,青龙管业,建筑材料
sz002458,益生股份,农林牧渔
sz002459,晶澳科技,电力设备
sz002460,赣锋锂业,有色金属
sz002461,珠江啤酒,食品饮料
sz002462,嘉事堂,医药生物
sz002463,沪电股份,电子
sz002465,海格通信,国防军工
sz002466,天齐锂业,有色金属
sz002467,二六三,通信
sz002468,申通快递,交通运输
sz002469,三维化学,建筑装饰
sz002470,金正大,基础化工
sz002471,中超控股,电力设备
sz002472,双环传动,汽车
sz002474,榕基软件,计算机
sz002475,立讯精密,电子
sz002476,新叶股份,石油石化
sz002478,常宝股份,钢铁
sz002479,富春环保,公用事业
sz002480,新筑股份,公用事业
sz002481,双塔食品,农林牧渔
sz002482,广田集团,建筑装饰
sz002483,润邦股份,机械设备
sz002484,江海股份,电子
sz002486,嘉麟杰,纺织服饰
sz002487,大金重工,电力设备
sz002488,金固股份,汽车
sz002489,浙江永强,轻工制造
sz002490,山东墨龙,机械设备
sz002491,通鼎互联,通信
sz002492,恒基达鑫,交通运输
sz002493,荣盛石化,石油石化
sz002494,华斯股份,纺织服饰
sz002495,佳隆股份,食品饮料
sz002496,辉丰股份,基础化工
sz002497,雅化集团,基础化工
sz002498,汉缆股份,电力设备
sz002500,山西证券,非银金融
sz002505,鹏都农牧,-
sz002506,协鑫集成,电力设备
sz002507,涪陵榨菜,食品饮料
sz002508,老板电器,家用电器
sz002510,天汽模,汽车
sz002511,中顺洁柔,美容护理
sz002513,蓝丰生化,基础化工
sz002515,金字火腿,食品饮料
sz002516,旷达科技,汽车
sz002517,恺英网络,传媒
sz002518,科士达,电力设备
sz002519,银河电子,国防军工
sz002520,日发精机,机械设备
sz002521,齐峰新材,轻工制造
sz002522,浙江众成,基础化工
sz002523,天桥起重,机械设备
sz002524,光正眼科,医药生物
sz002525,胜景山河,-
sz002526,山东矿机,机械设备
sz002527,新时达,机械设备
sz002529,海源复材,机械设备
sz002530,金财互联,机械设备
sz002531,天顺风能,电力设备
sz002532,天山铝业,有色金属
sz002533,金杯电工,电力设备
sz002534,西子洁能,电力设备
sz002535,林州重机,机械设备
sz002536,飞龙股份,汽车
sz002537,海联金汇,汽车
sz002539,云图控股,基础化工
sz002540,亚太科技,有色金属
sz002541,鸿路钢构,建筑装饰
sz002543,万和电气,家用电器
sz002544,普天科技,通信
sz002545,东方铁塔,基础化工
sz002546,新联电子,电力设备
sz002548,金新农,农林牧渔
sz002549,凯美特气,基础化工
sz002550,千红制药,医药生物
sz002551,尚荣医疗,医药生物
sz002552,宝鼎科技,电子
sz002553,南方精工,汽车
sz002554,惠博普,石油石化
sz002555,三七互娱,传媒
sz002556,辉隆股份,农林牧渔
sz002557,洽洽食品,食品饮料
sz002558,巨人网络,传媒
sz002559,亚威股份,机械设备
sz002560,通达股份,电力设备
sz002561,徐家汇,商贸零售
sz002562,兄弟科技,基础化工
sz002563,森马服饰,纺织服饰
sz002564,天沃科技,机械设备
sz002565,顺灏股份,轻工制造
sz002566,益盛药业,医药生物
sz002567,唐人神,农林牧渔
sz002568,百润股份,食品饮料
sz002570,贝因美,食品饮料
sz002571,德力股份,轻工制造
sz002572,索菲亚,轻工制造
sz002573,清新环境,环保
sz002574,明牌珠宝,纺织服饰
sz002575,群兴玩具,综合
sz002576,通达动力,电力设备
sz002577,雷柏科技,计算机
sz002578,闽发铝业,有色金属
sz002579,中京电子,电子
sz002580,圣阳股份,电力设备
sz002582,好想你,食品饮料
sz002583,海能达,通信
sz002584,西陇科学,电子
sz002585,双星新材,基础化工
sz002586,围海股份,建筑装饰
sz002587,奥拓电子,电子
sz002588,史丹利,基础化工
sz002589,瑞康医药,医药生物
sz002590,万安科技,汽车
sz002591,恒大高新,基础化工
sz002593,日上集团,建筑装饰
sz002594,比亚迪,汽车
sz002595,豪迈科技,机械设备
sz002596,海南瑞泽,建筑材料
sz002597,金禾实业,基础化工
sz002599,盛通股份,轻工制造
sz002600,领益智造,电子
sz002601,龙佰集团,基础化工
sz002602,世纪华通,传媒
sz002603,以岭药业,医药生物
sz002605,姚记科技,传媒
sz002606,大连电瓷,电力设备
sz002607,中公教育,社会服务
sz002608,江苏国信,公用事业
sz002609,捷顺科技,计算机
sz002611,东方精工,机械设备
sz002612,朗姿股份,纺织服饰
sz002613,北玻股份,建筑材料
sz002614,奥佳华,家用电器
sz002615,哈尔斯,轻工制造
sz002616,长青集团,公用事业
sz002617,露笑科技,公用事业
sz002622,皓宸医疗,医药生物
sz002623,亚玛顿,电力设备
sz002624,完美世界,传媒
sz002625,光启技术,国防军工
sz002626,金达威,食品饮料
sz002627,三峡旅游,社会服务
sz002628,成都路桥,建筑装饰
sz002629,仁智股份,石油石化
sz002631,德尔未来,轻工制造
sz002632,道明光学,基础化工
sz002633,申科股份,机械设备
sz002635,安洁科技,电子
sz002636,金安国纪,电子
sz002637,赞宇科技,基础化工
sz002638,勤上股份,家用电器
sz002639,雪人集团,机械设备
sz002640,跨境通,商贸零售
sz002641,公元股份,建筑材料
sz002642,荣联科技,计算机
sz002643,万润股份,电子
sz002644,佛慈制药,医药生物
sz002645,华宏科技,环保
sz002646,天佑德酒,食品饮料
sz002647,仁东控股,非银金融
sz002648,卫星化学,基础化工
sz002649,博彦科技,计算机
sz002651,利君股份,国防军工
sz002652,扬子新材,建筑材料
sz002653,海思科,医药生物
sz002654,万润科技,电子
sz002655,共达电声,电子
sz002656,摩登大道,纺织服饰
sz002657,中科金财,计算机
sz002658,雪迪龙,环保
sz002659,凯文教育,社会服务
sz002660,茂硕电源,电子
sz002661,克明食品,食品饮料
sz002662,峰璟股份,汽车
sz002663,普邦股份,建筑装饰
sz002664,信质集团,汽车
sz002666,德联集团,基础化工
sz002668,TCL智家,家用电器
sz002669,康达新材,基础化工
sz002670,国盛证券,非银金融
sz002671,龙泉股份,建筑材料
sz002672,东江环保,环保
sz002673,西部证券,非银金融
sz002674,兴业科技,纺织服饰
sz002675,东诚药业,医药生物
sz002676,顺威股份,家用电器
sz002677,浙江美大,家用电器
sz002678,珠江钢琴,轻工制造
sz002679,福建金森,农林牧渔
sz002681,奋达科技,电子
sz002682,龙洲股份,交通运输
sz002683,广东宏大,基础化工
sz002685,华东重机,机械设备
sz002686,亿利达,机械设备
sz002687,乔治白,纺织服饰
sz002688,金河生物,农林牧渔
sz002690,美亚光电,机械设备
sz002692,远程股份,电力设备
sz002693,双成药业,医药生物
sz002695,煌上煌,食品饮料
sz002696,百洋股份,农林牧渔
sz002697,红旗连锁,商贸零售
sz002698,博实股份,机械设备
sz002700,万憬能源,公用事业
sz002701,奥瑞金,轻工制造
sz002702,海欣食品,食品饮料
sz002703,浙江世宝,汽车
sz002705,新宝股份,家用电器
sz002706,良信股份,电力设备
sz002707,众信旅游,社会服务
sz002708,光洋股份,汽车
sz002709,天赐材料,电力设备
sz002710,慈铭体检,-
sz002712,思美传媒,传媒
sz002713,东易日盛,建筑装饰
sz002714,牧原股份,农林牧渔
sz002715,登云股份,汽车
sz002716,湖南白银,有色金属
sz002718,友邦吊顶,建筑材料
sz002720,宏良股份,-
sz002721,金一文化,纺织服饰
sz002722,物产金轮,机械设备
sz002723,小崧股份,家用电器
sz002724,海洋王,家用电器
sz002725,跃岭股份,汽车
sz002727,一心堂,医药生物
sz002728,特一药业,医药生物
sz002729,好利科技,电子
sz002730,电光科技,机械设备
sz002732,燕塘乳业,食品饮料
sz002733,雄韬股份,电力设备
sz002734,利民股份,基础化工
sz002735,王子新材,轻工制造
sz002736,国信证券,非银金融
sz002737,葵花药业,医药生物
sz002738,中矿资源,有色金属
sz002739,儒意电影,传媒
sz002741,光华科技,电子
sz002742,冀衡医药,医药生物
sz002745,木林森,电子
sz002746,仙坛股份,农林牧渔
sz002747,埃斯顿,机械设备
sz002748,世龙实业,基础化工
sz002749,国光股份,基础化工
sz002752,昇兴股份,轻工制造
sz002753,永东股份,基础化工
sz002755,奥赛康,医药生物
sz002756,永兴材料,有色金属
sz002757,南兴股份,机械设备
sz002758,浙农股份,基础化工
sz002760,凤形股份,机械设备
sz002761,浙江建投,建筑装饰
sz002762,金发拉比,纺织服饰
sz002763,汇洁股份,纺织服饰
sz002765,蓝黛科技,汽车
sz002766,索菱股份,汽车
sz002767,先锋电子,机械设备
sz002768,国恩股份,基础化工
sz002769,普路通,交通运输
sz002771,真视通,计算机
sz002772,众兴菌业,农林牧渔
sz002773,康弘药业,医药生物
sz002774,快意电梯,机械设备
sz002775,文科股份,建筑装饰
sz002777,久远银海,计算机
sz002778,中晟高科,环保
sz002779,中坚科技,机械设备
sz002780,三夫户外,纺织服饰
sz002782,可立克,电子
sz002783,凯龙股份,基础化工
sz002785,万里石,建筑材料
sz002786,银宝山新,机械设备
sz002787,华源控股,轻工制造
sz002788,鹭燕医药,医药生物
sz002790,瑞尔特,轻工制造
sz002791,坚朗五金,建筑材料
sz002792,通宇通讯,通信
sz002793,罗欣药业,医药生物
sz002795,永和智控,机械设备
sz002796,世嘉科技,通信
sz002797,第一创业,非银金融
sz002798,帝欧水华,轻工制造
sz002799,环球印务,轻工制造
sz002800,天顺股份,交通运输
sz002801,微光股份,电力设备
sz002802,洪汇新材,基础化工
sz002803,吉宏股份,商贸零售
sz002805,丰元股份,电力设备
sz002806,华锋股份,汽车
sz002807,江阴银行,银行
sz002809,红墙股份,基础化工
sz002810,山东赫达,基础化工
sz002811,郑中设计,建筑装饰
sz002812,恩捷股份,电力设备
sz002813,路畅科技,汽车
sz002815,崇达技术,电子
sz002817,黄山胶囊,医药生物
sz002818,富森美,商贸零售
sz002819,东方中科,机械设备
sz002820,桂发祥,食品饮料
sz002821,凯莱英,医药生物
sz002823,凯中精密,电力设备
sz002824,和胜股份,有色金属
sz002825,纳尔股份,基础化工
sz002826,易明医药,医药生物
sz002827,高争民爆,基础化工
sz002828,贝肯能源,石油石化
sz002829,星网宇达,国防军工
sz002830,名雕股份,建筑装饰
sz002831,裕同科技,轻工制造
sz002832,比音勒芬,纺织服饰
sz002833,弘亚数控,机械设备
sz002835,同为股份,计算机
sz002836,新宏泽,轻工制造
sz002837,英维克,机械设备
sz002838,道恩股份,基础化工
sz002839,张家港行,银行
sz002840,华统股份,食品饮料
sz002841,视源股份,电子
sz002842,翔鹭钨业,有色金属
sz002843,泰嘉股份,机械设备
sz002845,同兴达,电子
sz002846,英联股份,轻工制造
sz002847,盐津铺子,食品饮料
sz002848,高斯贝尔,家用电器
sz002849,威星智能,机械设备
sz002850,科达利,电力设备
sz002851,麦格米特,电力设备
sz002852,道道全,农林牧渔
sz002853,皮阿诺,轻工制造
sz002855,捷荣技术,电子
sz002857,三晖电气,电力设备
sz002858,力盛体育,社会服务
sz002859,洁美科技,电子
sz002860,星帅尔,家用电器
sz002861,瀛通通讯,电子
sz002862,实丰文化,轻工制造
sz002863,今飞凯达,汽车
sz002864,盘龙药业,医药生物
sz002865,钧达股份,电力设备
sz002866,传艺科技,电子
sz002867,周大生,纺织服饰
sz002868,绿康生化,农林牧渔
sz002869,金溢科技,计算机
sz002870,香山股份,汽车
sz002871,伟隆股份,机械设备
sz002873,新天药业,医药生物
sz002875,安奈儿,纺织服饰
sz002876,三利谱,电子
sz002877,智能自控,机械设备
sz002878,元隆雅图,传媒
sz002879,长缆科技,电力设备
sz002880,卫光生物,医药生物
sz002881,美格智能,通信
sz002882,金龙羽,电力设备
sz002884,凌霄泵业,机械设备
sz002885,京泉华,电子
sz002886,沃特股份,基础化工
sz002887,绿茵生态,环保
sz002888,惠威科技,电子
sz002889,东方嘉盛,交通运输
sz002890,弘宇股份,机械设备
sz002891,中宠股份,农林牧渔
sz002892,科力尔,电力设备
sz002893,京能热力,公用事业
sz002895,川恒股份,基础化工
sz002896,中大力德,机械设备
sz002897,意华股份,通信
sz002899,英派斯,轻工制造
sz002900,哈三联,医药生物
sz002901,大博医疗,医药生物
sz002902,铭普光磁,通信
sz002903,宇环数控,机械设备
sz002905,金逸影视,传媒
sz002906,华阳集团,汽车
sz002907,华森制药,医药生物
sz002908,德生科技,计算机
sz002909,集泰股份,基础化工
sz002910,庄园牧场,食品饮料
sz002911,佛燃能源,公用事业
sz002912,中新赛克,计算机
sz002913,奥士康,电子
sz002915,中欣氟材,基础化工
sz002916,深南电路,电子
sz002917,金奥博,基础化工
sz002918,蒙娜丽莎,轻工制造
sz002919,名臣健康,传媒
sz002920,德赛西威,计算机
sz002921,联诚精密,汽车
sz002922,伊戈尔,电子
sz002923,润都股份,医药生物
sz002925,盈趣科技,电子
sz002926,华西证券,非银金融
sz002927,泰永长征,电力设备
sz002928,华夏航空,交通运输
sz002929,润建股份,通信
sz002930,宏川智慧,交通运输
sz002931,锋龙股份,机械设备
sz002933,新兴装备,国防军工
sz002935,天奥电子,国防军工
sz002936,郑州银行,银行
sz002937,兴瑞科技,汽车
sz002938,鹏鼎控股,电子
sz002939,长城证券,非银金融
sz002940,昂利康,医药生物
sz002941,新疆交建,建筑装饰
sz002942,新农股份,基础化工
sz002943,宇晶股份,机械设备
sz002945,华林证券,非银金融
sz002946,新乳业,食品饮料
sz002947,恒铭达,电子
sz002948,青岛银行,银行
sz002949,华阳国际,建筑装饰
sz002950,奥美医疗,医药生物
sz002951,金时科技,电力设备
sz002952,亚世光电,电子
sz002953,日丰股份,电力设备
sz002955,鸿合科技,电子
sz002956,西麦食品,食品饮料
sz002957,科瑞技术,机械设备
sz002958,青农商行,银行
sz002959,小熊电器,家用电器
sz002960,青鸟智控,机械设备
sz002961,瑞达期货,非银金融
sz002962,五方光电,电子
sz002963,豪尔赛,建筑装饰
sz002965,祥鑫科技,汽车
sz002966,苏州银行,银行
sz002967,广电计量,社会服务
sz002968,新大正,房地产
sz002969,嘉美包装,轻工制造
sz002970,锐明技术,计算机
sz002971,和远气体,基础化工
sz002972,科安达,机械设备
sz002973,侨银股份,环保
sz002975,博杰股份,机械设备
sz002976,瑞玛精密,汽车
sz002978,安宁股份,有色金属
sz002979,雷赛智能,机械设备
sz002980,华盛昌,电力设备
sz002981,朝阳科技,电子
sz002982,湘佳股份,农林牧渔
sz002983,芯瑞达,电子
sz002984,森麒麟,汽车
sz002985,北摩高科,国防军工
sz002986,宇新股份,石油石化
sz002987,京北方,计算机
sz002988,豪美新材,有色金属
sz002989,中天精装,建筑装饰
sz002990,盛视科技,计算机
sz002991,甘源食品,食品饮料
sz002992,宝明科技,电子
sz002993,奥海科技,电子
sz002995,天地在线,传媒
sz002996,顺博合金,有色金属
sz002997,瑞鹄模具,汽车
sz002998,优彩资源,基础化工
sz002999,天禾股份,基础化工
sz003000,劲仔食品,食品饮料
sz003001,中岩大地,建筑装饰
sz003002,壶化股份,基础化工
sz003003,天元股份,轻工制造
sz003004,声迅股份,计算机
sz003005,竞业达,计算机
sz003006,百亚股份,美容护理
sz003007,直真科技,计算机
sz003008,开普检测,社会服务
sz003009,中天火箭,国防军工
sz003010,若羽臣,商贸零售
sz003011,海象新材,轻工制造
sz003012,东鹏控股,轻工制造
sz003013,地铁设计,建筑装饰
sz003015,日久光电,电子
sz003016,欣贺股份,纺织服饰
sz003017,大洋生物,基础化工
sz003018,金富科技,轻工制造
sz003019,宸展光电,电子
sz003020,立方制药,医药生物
sz003021,兆威机电,电力设备
sz003022,联泓新科,电力设备
sz003023,彩虹集团,家用电器
sz003025,思进智能,机械设备
sz003026,中晶科技,电子
sz003027,同兴科技,环保
sz003028,振邦智能,家用电器
sz003029,吉大正元,计算机
sz003030,祖名股份,农林牧渔
sz003031,中瓷电子,通信
sz003032,传智教育,社会服务
sz003033,征和工业,汽车
sz003035,南网能源,公用事业
sz003036,泰坦股份,机械设备
sz003037,三和管桩,建筑材料
sz003038,鑫铂股份,有色金属
sz003039,顺控发展,环保
sz003040,楚天龙,通信
sz003041,真爱美家,纺织服饰
sz003042,中农联合,基础化工
sz003043,华亚智能,电子
sz003816,中国广核,公用事业
sh600000,浦发银行,银行
sh600001,邯郸钢铁,-
sh600002,齐鲁石化,-
sh600004,白云机场,交通运输
sh600005,武钢股份,-
sh600006,东风股份,汽车
sh600007,中国国贸,房地产
sh600008,首创环保,环保
sh600009,上海机场,交通运输
sh600010,包钢股份,钢铁
sh600011,华能国际,公用事业
sh600012,皖通高速,交通运输
sh600015,华夏银行,银行
sh600016,民生银行,银行
sh600017,日照港,交通运输
sh600018,上港集团,交通运输
sh600019,宝钢股份,钢铁
sh600020,中原高速,交通运输
sh600021,上海电力,公用事业
sh600022,山东钢铁,钢铁
sh600023,浙能电力,公用事业
sh600025,华能水电,公用事业
sh600026,中远海能,交通运输
sh600027,华电国际,公用事业
sh600028,中国石化,石油石化
sh600029,南方航空,交通运输
sh600030,中信证券,非银金融
sh600031,三一重工,机械设备
sh600032,浙江新能,公用事业
sh600033,福建高速,交通运输
sh600035,楚天高速,交通运输
sh600036,招商银行,银行
sh600037,歌华有线,传媒
sh600038,中直股份,国防军工
sh600039,四川路桥,建筑装饰
sh600048,保利发展,房地产
sh600050,中国联通,通信
sh600051,宁波联合,综合
sh600052,东望时代,公用事业
sh600054,黄山旅游,社会服务
sh600055,万东医疗,医药生物
sh600056,中国医药,医药生物
sh600057,厦门象屿,交通运输
sh600058,五矿发展,商贸零售
sh600059,古越龙山,食品饮料
sh600060,海信视像,家用电器
sh600061,国投资本,非银金融
sh600062,华润双鹤,医药生物
sh600063,皖维高新,基础化工
sh600064,南京高科,房地产
sh600066,宇通客车,汽车
sh600067,冠城新材,电力设备
sh600068,葛洲坝,-
sh600071,凤凰光学,电子
sh600072,中船科技,电力设备
sh600073,光明肉业,食品饮料
sh600075,新疆天业,基础化工
sh600076,康欣新材,轻工制造
sh600078,澄星股份,基础化工
sh600081,东风科技,汽车
sh600085,同仁堂,医药生物
sh600088,中视传媒,传媒
sh600089,特变电工,电力设备
sh600094,大名城,房地产
sh600095,湘财股份,非银金融
sh600096,云天化,基础化工
sh600097,开创国际,农林牧渔
sh600098,广州发展,公用事业
sh600099,林海股份,汽车
sh600100,同方股份,计算机
sh600101,明星电力,公用事业
sh600102,莱钢股份,-
sh600103,青山纸业,轻工制造
sh600104,上汽集团,汽车
sh600105,永鼎股份,通信
sh600106,重庆路桥,交通运输
sh600108,亚盛集团,农林牧渔
sh600109,国金证券,非银金融
sh600110,诺德股份,电力设备
sh600111,北方稀土,有色金属
sh600113,浙江东日,商贸零售
sh600114,东睦股份,机械设备
sh600115,中国东航,交通运输
sh600116,三峡水利,公用事业
sh600117,西宁特钢,钢铁
sh600118,中国卫星,国防军工
sh600120,浙江东方,非银金融
sh600121,郑州煤电,煤炭
sh600123,兰花科创,煤炭
sh600125,铁龙物流,交通运输
sh600126,杭钢股份,钢铁
sh600127,金健米业,农林牧渔
sh600128,苏豪弘业,商贸零售
sh600129,太极集团,医药生物
sh600130,波导股份,电子
sh600131,国网信通,计算机
sh600132,重庆啤酒,食品饮料
sh600133,东湖高新,环保
sh600135,乐凯胶片,基础化工
sh600137,浪莎股份,纺织服饰
sh600138,中青旅,社会服务
sh600141,兴发集团,基础化工
sh600143,金发科技,基础化工
sh600148,长春一东,汽车
sh600149,廊坊发展,公用事业
sh600150,中国船舶,国防军工
sh600151,航天机电,汽车
sh600152,维科技术,电力设备
sh600153,建发股份,交通运输
sh600155,华创云信,非银金融
sh600156,华升股份,纺织服饰
sh600157,永泰能源,公用事业
sh600158,中体产业,社会服务
sh600159,大龙地产,房地产
sh600160,巨化股份,基础化工
sh600161,天坛生物,医药生物
sh600162,香江控股,房地产
sh600163,中闽能源,公用事业
sh600165,宁科生物,基础化工
sh600166,福田汽车,汽车
sh600167,联美控股,公用事业
sh600168,武汉控股,环保
sh600170,上海建工,建筑装饰
sh600171,上海贝岭,电子
sh600172,黄河旋风,机械设备
sh600173,卧龙新能,房地产
sh600176,中国巨石,建筑材料
sh600177,雅戈尔,纺织服饰
sh600178,东安动力,汽车
sh600179,安通控股,交通运输
sh600182,S佳通,汽车
sh600183,生益科技,电子
sh600184,光电股份,国防军工
sh600185,珠免集团,商贸零售
sh600186,莲花控股,食品饮料
sh600188,兖矿能源,煤炭
sh600189,泉阳泉,食品饮料
sh600191,华资实业,农林牧渔
sh600192,长城电工,电力设备
sh600195,中牧股份,农林牧渔
sh600196,复星医药,医药生物
sh600197,伊力特,食品饮料
sh600198,大唐电信,通信
sh600199,金种子酒,食品饮料
sh600201,生物股份,农林牧渔
sh600202,哈空调,机械设备
sh600203,福日电子,电子
sh600205,S山东铝,-
sh600206,有研新材,电子
sh600207,安彩高科,电力设备
sh600208,衢州发展,房地产
sh600210,紫江企业,轻工制造
sh600211,西藏药业,医药生物
sh600212,绿能慧充,电力设备
sh600215,派斯林,机械设备
sh600216,浙江医药,医药生物
sh600217,中再资环,环保
sh600218,全柴动力,汽车
sh600219,南山铝业,有色金属
sh600221,海航控股,交通运输
sh600222,太龙药业,医药生物
sh600223,福瑞达,美容护理
sh600226,亨通股份,公用事业
sh600227,赤天化,基础化工
sh600228,返利科技,传媒
sh600229,城市传媒,传媒
sh600230,沧州大化,基础化工
sh600231,凌钢股份,钢铁
sh600232,金鹰股份,机械设备
sh600233,圆通速递,交通运输
sh600234,科新发展,建筑装饰
sh600235,民丰特纸,轻工制造
sh600236,桂冠电力,公用事业
sh600237,铜峰电子,电子
sh600241,时代万恒,电力设备
sh600246,万通发展,房地产
sh600248,陕建股份,建筑装饰
sh600249,两面针,美容护理
sh600250,南京商旅,社会服务
sh600251,冠农股份,农林牧渔
sh600252,中恒集团,医药生物
sh600253,天方药业,-
sh600255,鑫科材料,有色金属
sh600256,广汇能源,石油石化
sh600257,大湖股份,农林牧渔
sh600258,首旅酒店,社会服务
sh600259,中稀有色,有色金属
sh600261,阳光照明,家用电器
sh600262,北方股份,机械设备
sh600263,路桥建设,-
sh600266,城建发展,房地产
sh600267,海正药业,医药生物
sh600268,国电南自,电力设备
sh600269,赣粤高速,交通运输
sh600270,外运发展,-
sh600271,航天信息,计算机
sh600272,开开实业,医药生物
sh600273,嘉化能源,基础化工
sh600276,恒瑞医药,医药生物
sh600278,东方创业,商贸零售
sh600279,重庆港,交通运输
sh600280,中央商场,商贸零售
sh600281,华阳新材,有色金属
sh600282,南钢股份,钢铁
sh600283,钱江水利,环保
sh600284,浦东建设,建筑装饰
sh600285,羚锐制药,医药生物
sh600287,苏豪时尚,商贸零售
sh600288,大恒科技,计算机
sh600292,电投水电,公用事业
sh600293,三峡新材,建筑材料
sh600295,鄂尔多斯,钢铁
sh600296,S兰铝,-
sh600297,广汇汽车,-
sh600298,安琪酵母,食品饮料
sh600299,安迪苏,基础化工
sh600300,维维股份,食品饮料
sh600301,华锡有色,有色金属
sh600303,曙光股份,汽车
sh600305,恒顺醋业,食品饮料
sh600307,酒钢宏兴,钢铁
sh600308,华泰股份,轻工制造
sh600309,XD万华化,基础化工
sh600310,广西能源,公用事业
sh600312,平高电气,电力设备
sh600313,农发种业,农林牧渔
sh600315,上海家化,美容护理
sh600316,洪都航空,国防军工
sh600317,营口港,-
sh600318,新力金融,非银金融
sh600319,亚星化学,基础化工
sh600320,振华重工,机械设备
sh600321,正源股份,-
sh600322,津投城开,房地产
sh600323,瀚蓝环境,环保
sh600325,华发股份,房地产
sh600326,西藏天路,建筑材料
sh600327,大东方,商贸零售
sh600328,中盐化工,基础化工
sh600329,达仁堂,医药生物
sh600330,天通股份,电子
sh600331,宏达股份,基础化工
sh600332,白云山,医药生物
sh600333,长春燃气,公用事业
sh600335,国机汽车,汽车
sh600336,澳柯玛,家用电器
sh600338,西藏珠峰,有色金属
sh600339,中油工程,石油石化
sh600343,航天动力,机械设备
sh600345,长江通信,通信
sh600346,恒力石化,石油石化
sh600348,华阳股份,煤炭
sh600349,富通昭和,-
sh600350,山东高速,交通运输
sh600351,亚宝药业,医药生物
sh600352,浙江龙盛,基础化工
sh600353,旭光电子,电子
sh600354,敦煌种业,农林牧渔
sh600356,恒丰纸业,轻工制造
sh600357,承德钒钛,-
sh600358,国旅联合,传媒
sh600359,新农开发,农林牧渔
sh600360,华微电子,电子
sh600361,创新新材,有色金属
sh600362,江西铜业,有色金属
sh600363,联创光电,电子
sh600366,宁波韵升,有色金属
sh600367,红星发展,基础化工
sh600368,五洲交通,交通运输
sh600369,西南证券,非银金融
sh600371,万向德农,农林牧渔
sh600372,中航机载,国防军工
sh600373,中文传媒,传媒
sh600375,汉马科技,汽车
sh600376,首开股份,房地产
sh600377,宁沪高速,交通运输
sh600378,昊华科技,基础化工
sh600379,宝光股份,电力设备
sh600380,健康元,医药生物
sh600382,广东明珠,钢铁
sh600383,金地集团,房地产
sh600386,北巴传媒,汽车
sh600388,紫金龙净,环保
sh600389,江山股份,基础化工
sh600390,五矿资本,非银金融
sh600391,航发科技,国防军工
sh600392,盛和资源,有色金属
sh600395,盘江股份,煤炭
sh600396,华电辽能,公用事业
sh600397,江钨装备,机械设备
sh600398,海澜之家,纺织服饰
sh600399,抚顺特钢,钢铁
sh600400,红豆股份,纺织服饰
sh600403,大有能源,煤炭
sh600405,动力源,电力设备
sh600406,国电南瑞,电力设备
sh600408,安泰集团,煤炭
sh600409,三友化工,基础化工
sh600410,华胜天成,计算机
sh600415,小商品城,商贸零售
sh600416,湘电股份,电力设备
sh600418,江淮汽车,汽车
sh600419,天润乳业,食品饮料
sh600420,国药现代,医药生物
sh600422,昆药集团,医药生物
sh600425,青松建化,建筑材料
sh600426,华鲁恒升,基础化工
sh600428,中远海特,交通运输
sh600429,三元股份,食品饮料
sh600433,冠豪高新,轻工制造
sh600435,北方导航,国防军工
sh600436,片仔癀,医药生物
sh600438,通威股份,电力设备
sh600444,国机通用,机械设备
sh600446,金证股份,计算机
sh600448,华纺股份,纺织服饰
sh600449,宁夏建材,建筑材料
sh600452,涪陵电力,公用事业
sh600455,博通股份,计算机
sh600456,宝钛股份,有色金属
sh600458,时代新材,综合
sh600459,贵研铂业,有色金属
sh600460,士兰微,电子
sh600461,洪城环境,环保
sh600463,空港股份,房地产
sh600467,好当家,农林牧渔
sh600468,百利电气,电力设备
sh600469,风神股份,汽车
sh600470,六国化工,基础化工
sh600472,包头铝业,-
sh600475,华光环能,公用事业
sh600477,杭萧钢构,建筑装饰
sh600478,科力远,电力设备
sh600479,千金药业,医药生物
sh600480,凌云股份,汽车
sh600481,双良节能,电力设备
sh600482,中国动力,电力设备
sh600483,福能股份,公用事业
sh600486,扬农化工,基础化工
sh600487,亨通光电,通信
sh600488,津药药业,医药生物
sh600489,中金黄金,有色金属
sh600490,鹏欣资源,有色金属
sh600493,凤竹纺织,纺织服饰
sh600495,晋西车轴,机械设备
sh600496,精工钢构,建筑装饰
sh600497,驰宏锌锗,有色金属
sh600498,烽火通信,通信
sh600499,科达制造,机械设备
sh600500,中化国际,基础化工
sh600501,航天晨光,机械设备
sh600502,安徽建工,建筑装饰
sh600503,华丽家族,房地产
sh600505,西昌电力,公用事业
sh600506,统一股份,石油石化
sh600507,方大特钢,钢铁
sh600508,上海能源,煤炭
sh600509,天富能源,公用事业
sh600510,黑牡丹,房地产
sh600511,国药股份,医药生物
sh600512,腾达建设,建筑装饰
sh600513,联环药业,医药生物
sh600515,海南机场,房地产
sh600516,方大炭素,钢铁
sh600517,国网英大,非银金融
sh600518,康美药业,医药生物
sh600519,贵州茅台,食品饮料
sh600520,三佳科技,机械设备
sh600521,华海药业,医药生物
sh600522,中天科技,通信
sh600523,贵航股份,汽车
sh600525,长园集团,电力设备
sh600526,菲达环保,环保
sh600527,江南高纤,纺织服饰
sh600528,中铁工业,机械设备
sh600529,山东药玻,医药生物
sh600531,豫光金铅,有色金属
sh600533,栖霞建设,房地产
sh600535,天士力,医药生物
sh600536,中国软件,计算机
sh600538,国发股份,医药生物
sh600539,狮头股份,商贸零售
sh600540,新赛股份,农林牧渔
sh600545,卓郎智能,机械设备
sh600546,山煤国际,煤炭
sh600547,山东黄金,有色金属
sh600548,深高速,交通运输
sh600549,厦门钨业,有色金属
sh600550,保变电气,电力设备
sh600551,时代出版,传媒
sh600552,凯盛科技,电子
sh600553,太行水泥,-
sh600556,天下秀,传媒
sh600557,康缘药业,医药生物
sh600558,大西洋,机械设备
sh600559,老白干酒,食品饮料
sh600560,金自天正,机械设备
sh600561,江西长运,交通运输
sh600562,国睿科技,国防军工
sh600563,法拉电子,电子
sh600566,济川药业,医药生物
sh600567,山鹰国际,轻工制造
sh600569,安阳钢铁,钢铁
sh600570,恒生电子,计算机
sh600571,信雅达,计算机
sh600572,康恩贝,医药生物
sh600573,惠泉啤酒,食品饮料
sh600575,淮河能源,公用事业
sh600576,祥源文旅,社会服务
sh600577,精达股份,电力设备
sh600578,京能电力,公用事业
sh600579,中化装备,机械设备
sh600580,卧龙电驱,电力设备
sh600582,天地科技,机械设备
sh600583,海油工程,石油石化
sh600584,长电科技,电子
sh600585,海螺水泥,建筑材料
sh600586,金晶科技,建筑材料
sh600587,新华医疗,医药生物
sh600588,用友网络,计算机
sh600589,大位科技,计算机
sh600590,泰豪科技,电力设备
sh600592,龙溪股份,机械设备
sh600593,大连圣亚,社会服务
sh600594,益佰制药,医药生物
sh600595,中孚实业,有色金属
sh600596,新安股份,基础化工
sh600597,光明乳业,食品饮料
sh600598,北大荒,农林牧渔
sh600600,青岛啤酒,食品饮料
sh600601,方正科技,电子
sh600602,云赛智联,计算机
sh600603,广汇物流,交通运输
sh600604,市北高新,房地产
sh600605,汇通能源,商贸零售
sh600606,绿地控股,房地产
sh600607,上实医药,-
sh600609,金杯汽车,汽车
sh600610,中毅达,基础化工
sh600611,大众交通,交通运输
sh600612,老凤祥,纺织服饰
sh600613,神奇制药,医药生物
sh600615,鑫源智造,有色金属
sh600616,金枫酒业,食品饮料
sh600617,国新能源,公用事业
sh600618,氯碱化工,基础化工
sh600619,海立股份,家用电器
sh600620,天宸股份,综合
sh600621,华鑫股份,非银金融
sh600622,光大嘉宝,房地产
sh600623,华谊集团,基础化工
sh600626,申达股份,汽车
sh600627,上电股份,-
sh600628,新世界,商贸零售
sh600629,华建集团,建筑装饰
sh600630,龙头股份,纺织服饰
sh600631,百联股份(已合并),-
sh600632,华联商厦,-
sh600633,浙数文化,传媒
sh600635,大众公用,公用事业
sh600637,东方明珠,传媒
sh600638,新黄浦,房地产
sh600639,浦东金桥,房地产
sh600640,国脉文化,传媒
sh600641,先导基电,电子
sh600642,申能股份,公用事业
sh600643,爱建集团,非银金融
sh600644,乐山电力,公用事业
sh600645,中源协和,医药生物
sh600648,外高桥,房地产
sh600649,城投控股,房地产
sh600650,锦江在线,交通运输
sh600651,飞乐音响,汽车
sh600653,申华控股,汽车
sh600654,中安科,计算机
sh600655,豫园股份,商贸零售
sh600657,信达地产,房地产
sh600658,电子城,房地产
sh600660,福耀玻璃,汽车
sh600661,昂立教育,社会服务
sh600662,外服控股,社会服务
sh600663,陆家嘴,房地产
sh600664,哈药股份,医药生物
sh600665,天地源,房地产
sh600666,奥瑞德,计算机
sh600667,太极实业,建筑装饰
sh600668,尖峰集团,建筑材料
sh600671,天目药业,医药生物
sh600673,东阳光,综合
sh600674,川投能源,公用事业
sh600675,中华企业,房地产
sh600676,久事动娱,汽车
sh600679,上海凤凰,汽车
sh600681,百川能源,公用事业
sh600682,南京新百,综合
sh600683,京投发展,房地产
sh600684,珠江股份,房地产
sh600685,中船防务,国防军工
sh600686,金龙汽车,汽车
sh600688,上海石化,石油石化
sh600689,上海三毛,综合
sh600690,海尔智家,家用电器
sh600691,潞化科技,基础化工
sh600692,亚通股份,房地产
sh600693,东百集团,商贸零售
sh600694,大商股份,商贸零售
sh600697,欧亚集团,商贸零售
sh600698,湖南天雁,汽车
sh600699,均胜电子,汽车
sh600702,舍得酒业,食品饮料
sh600703,三安光电,电子
sh600704,物产中大,交通运输
sh600705,中航产融,-
sh600706,曲江文旅,社会服务
sh600707,彩虹股份,电子
sh600708,光明地产,房地产
sh600710,苏美达,商贸零售
sh600711,盛屯矿业,有色金属
sh600712,南宁百货,商贸零售
sh600713,南京医药,医药生物
sh600714,金瑞矿业,基础化工
sh600715,文投控股,传媒
sh600716,凤凰股份,房地产
sh600717,天津港,交通运输
sh600718,东软集团,计算机
sh600719,大连热电,公用事业
sh600720,中交设计,建筑装饰
sh600721,百花医药,医药生物
sh600722,金牛化工,基础化工
sh600723,首商股份,-
sh600724,宁波富达,房地产
sh600725,云维股份,煤炭
sh600726,华电能源,公用事业
sh600727,鲁北化工,基础化工
sh600728,佳都科技,计算机
sh600729,重百集团,商贸零售
sh600731,湖南海利,基础化工
sh600732,爱旭股份,电力设备
sh600733,北汽蓝谷,汽车
sh600736,苏州高新,房地产
sh600737,中粮糖业,农林牧渔
sh600738,丽尚国潮,商贸零售
sh600739,辽宁成大,医药生物
sh600740,山西焦化,煤炭
sh600741,华域汽车,汽车
sh600742,富维股份,汽车
sh600743,华远控股,房地产
sh600744,华银电力,公用事业
sh600746,江苏索普,基础化工
sh600748,上实发展,房地产
sh600749,西藏旅游,社会服务
sh600750,XD华润江,医药生物
sh600751,海航科技,交通运输
sh600754,锦江酒店,社会服务
sh600755,厦门国贸,交通运输
sh600756,浪潮软件,计算机
sh600757,长江传媒,传媒
sh600758,辽宁能源,煤炭
sh600760,中航沈飞,国防军工
sh600761,安徽合力,机械设备
sh600763,通策医疗,医药生物
sh600764,中国海防,国防军工
sh600765,中航重机,国防军工
sh600768,富邦新材,有色金属
sh600769,祥龙电业,环保
sh600770,综艺股份,综合
sh600771,广誉远,医药生物
sh600773,西藏城投,房地产
sh600774,汉商集团,医药生物
sh600775,南京熊猫,通信
sh600776,东方通信,通信
sh600777,新潮能源,石油石化
sh600778,友好集团,商贸零售
sh600779,水井坊,食品饮料
sh600780,通宝能源,公用事业
sh600782,新钢股份,钢铁
sh600783,鲁信创投,机械设备
sh600784,鲁银投资,基础化工
sh600785,新华百货,商贸零售
sh600786,东方锅炉,-
sh600787,中储股份,交通运输
sh600789,鲁抗医药,医药生物
sh600790,轻纺城,商贸零售
sh600791,京能置业,房地产
sh600792,云煤能源,煤炭
sh600793,宜宾纸业,轻工制造
sh600794,保税科技,交通运输
sh600795,国电电力,公用事业
sh600796,钱江生化,环保
sh600797,浙大网新,计算机
sh600798,宁波海运,交通运输
sh600800,渤海化学,石油石化
sh600801,华新建材,建筑材料
sh600802,福建水泥,建筑材料
sh600803,新奥股份,公用事业
sh600805,悦达投资,综合
sh600807,济高发展,综合
sh600808,马钢股份,钢铁
sh600809,山西汾酒,食品饮料
sh600810,神马股份,基础化工
sh600812,华北制药,医药生物
sh600814,杭州解百,商贸零售
sh600815,厦工股份,机械设备
sh600816,建元信托,非银金融
sh600817,宇通重工,环保
sh600819,耀皮玻璃,建筑材料
sh600820,隧道股份,建筑装饰
sh600821,金开新能,公用事业
sh600822,上海物贸,汽车
sh600824,益民集团,商贸零售
sh600825,新华传媒,传媒
sh600826,兰生股份,社会服务
sh600827,百联股份,商贸零售
sh600828,茂业商业,商贸零售
sh600829,人民同泰,医药生物
sh600830,香溢融通,非银金融
sh600831,广电网络,传媒
sh600832,东方明珠,-
sh600833,第一医药,医药生物
sh600834,申通地铁,交通运输
sh600835,上海机电,机械设备
sh600837,海通证券,-
sh600838,上海九百,商贸零售
sh600839,四川长虹,家用电器
sh600840,新湖创业,-
sh600841,动力新科,汽车
sh600842,中西药业,-
sh600843,上工申贝,机械设备
sh600844,金煤科技,基础化工
sh600845,宝信软件,计算机
sh600846,同济科技,建筑装饰
sh600847,万里股份,电力设备
sh600848,上海临港,房地产
sh600850,电科数字,计算机
sh600851,海欣股份,医药生物
sh600853,龙建股份,建筑装饰
sh600854,春兰股份,家用电器
sh600855,航天长峰,国防军工
sh600857,宁波中百,商贸零售
sh600858,银座股份,商贸零售
sh600859,王府井,商贸零售
sh600860,京城股份,机械设备
sh600861,北京人力,社会服务
sh600862,中航高科,国防军工
sh600863,华能蒙电,公用事业
sh600864,哈投股份,非银金融
sh600865,百大集团,商贸零售
sh600866,星湖科技,基础化工
sh600867,通化东宝,医药生物
sh600868,梅雁吉祥,公用事业
sh600869,远东股份,电力设备
sh600871,石化油服,石油石化
sh600872,中炬高新,食品饮料
sh600873,梅花生物,基础化工
sh600874,创业环保,环保
sh600875,东方电气,电力设备
sh600876,凯盛新能,建筑材料
sh600877,电科芯片,电子
sh600879,航天电子,国防军工
sh600880,博瑞传播,社会服务
sh600881,亚泰集团,综合
sh600882,妙可蓝多,食品饮料
sh600883,博闻科技,农林牧渔
sh600884,杉杉股份,电力设备
sh600885,宏发股份,电力设备
sh600886,国投电力,公用事业
sh600887,伊利股份,食品饮料
sh600888,新疆众和,有色金属
sh600892,大晟文化,传媒
sh600893,航发动力,国防军工
sh600894,广日股份,机械设备
sh600895,张江高科,房地产
sh600897,厦门空港,交通运输
sh600900,长江电力,公用事业
sh600901,江苏金租,非银金融
sh600903,贵州燃气,公用事业
sh600905,三峡能源,公用事业
sh600906,财达证券,非银金融
sh600908,无锡银行,银行
sh600909,华安证券,非银金融
sh600916,中国黄金,纺织服饰
sh600917,重庆燃气,公用事业
sh600918,中泰证券,非银金融
sh600919,江苏银行,银行
sh600925,苏能股份,煤炭
sh600926,杭州银行,银行
sh600927,永安期货,非银金融
sh600928,西安银行,银行
sh600929,雪天盐业,基础化工
sh600930,华电新能,公用事业
sh600933,爱柯迪,汽车
sh600935,华塑股份,基础化工
sh600936,北投科技,传媒
sh600938,中国海油,石油石化
sh600939,重庆建工,建筑装饰
sh600941,中国移动,通信
sh600955,维远股份,基础化工
sh600956,新天绿能,公用事业
sh600958,东方证券,非银金融
sh600959,江苏有线,传媒
sh600960,渤海汽车,汽车
sh600961,株冶集团,有色金属
sh600962,国投中鲁,农林牧渔
sh600963,岳阳林纸,轻工制造
sh600966,博汇纸业,轻工制造
sh600967,内蒙一机,国防军工
sh600968,海油发展,石油石化
sh600969,郴电国际,公用事业
sh600970,中材国际,建筑装饰
sh600971,恒源煤电,煤炭
sh600973,宝胜股份,电力设备
sh600975,新五丰,农林牧渔
sh600976,健民集团,医药生物
sh600977,中国电影,传媒
sh600979,广安爱众,公用事业
sh600980,北矿科技,机械设备
sh600981,苏豪汇鸿,商贸零售
sh600982,宁波能源,公用事业
sh600983,惠而浦,家用电器
sh600984,建设机械,机械设备
sh600985,淮北矿业,煤炭
sh600986,浙文互联,传媒
sh600987,航民股份,纺织服饰
sh600988,赤峰黄金,有色金属
sh600989,宝丰能源,基础化工
sh600990,四创电子,国防军工
sh600991,广汽长丰,-
sh600992,贵绳股份,机械设备
sh600993,马应龙,医药生物
sh600995,南网储能,公用事业
sh600996,贵广网络,传媒
sh600997,开滦股份,煤炭
sh600998,九州通,医药生物
sh600999,招商证券,非银金融
sh601000,唐山港,交通运输
sh601001,晋控煤业,煤炭
sh601002,晋亿实业,机械设备
sh601003,柳钢股份,钢铁
sh601005,重庆钢铁,钢铁
sh601006,大秦铁路,交通运输
sh601007,金陵饭店,社会服务
sh601008,连云港,交通运输
sh601009,南京银行,银行
sh601011,宝泰隆,煤炭
sh601012,隆基绿能,电力设备
sh601015,陕西黑猫,煤炭
sh601016,XD节能风,公用事业
sh601018,宁波港,交通运输
sh601019,山东出版,传媒
sh601020,华钰矿业,有色金属
sh601021,春秋航空,交通运输
sh601022,宁波远洋,交通运输
sh601026,道生天合,基础化工
sh601028,玉龙股份,-
sh601033,永兴股份,环保
sh601038,一拖股份,机械设备
sh601058,XD赛轮轮,汽车
sh601059,信达证券,非银金融
sh601061,中信金属,商贸零售
sh601065,江盐集团,基础化工
sh601066,中信建投,非银金融
sh601068,中铝国际,建筑装饰
sh601069,西部黄金,有色金属
sh601077,渝农商行,银行
sh601083,锦江航运,交通运输
sh601086,国芳集团,商贸零售
sh601088,中国神华,煤炭
sh601089,福元医药,医药生物
sh601091,沈鼓集团,-
sh601096,宏盛华源,建筑装饰
sh601098,中南传媒,传媒
sh601099,太平洋,非银金融
sh601100,恒立液压,机械设备
sh601101,昊华能源,煤炭
sh601106,中国一重,机械设备
sh601107,四川成渝,交通运输
sh601108,财通证券,非银金融
sh601111,中国国航,交通运输
sh601112,振石股份,建筑材料
sh601113,华鼎股份,基础化工
sh601116,三江购物,商贸零售
sh601117,中国化学,建筑装饰
sh601118,海南橡胶,农林牧渔
sh601121,宝地矿业,钢铁
sh601123,马矿股份,钢铁
sh601126,四方股份,电力设备
sh601127,赛力斯,汽车
sh601128,常熟银行,银行
sh601133,柏诚股份,建筑装饰
sh601136,首创证券,非银金融
sh601137,博威合金,有色金属
sh601138,工业富联,电子
sh601139,深圳燃气,公用事业
sh601155,新城控股,房地产
sh601156,东航物流,交通运输
sh601158,重庆水务,环保
sh601162,天风证券,非银金融
sh601163,三角轮胎,汽车
sh601166,兴业银行,银行
sh601168,西部矿业,有色金属
sh601169,北京银行,银行
sh601177,杭齿前进,机械设备
sh601179,中国西电,电力设备
sh601186,中国铁建,建筑装饰
sh601187,厦门银行,银行
sh601188,龙江交通,交通运输
sh601198,东兴证券,非银金融
sh601199,江南水务,环保
sh601200,上海环境,环保
sh601206,海尔施,-
sh601208,东材科技,基础化工
sh601211,国泰海通,非银金融
sh601212,白银有色,有色金属
sh601216,君正集团,基础化工
sh601218,吉鑫科技,电力设备
sh601222,林洋能源,电力设备
sh601225,陕西煤业,煤炭
sh601226,华电科工,建筑装饰
sh601228,广州港,交通运输
sh601229,上海银行,银行
sh601231,环旭电子,电子
sh601233,桐昆股份,石油石化
sh601236,红塔证券,非银金融
sh601238,广汽集团,汽车
sh601279,英利汽车,汽车
sh601288,农业银行,银行
sh601298,青岛港,交通运输
sh601299,中国北车,-
sh601311,骆驼股份,电力设备
sh601318,中国平安,非银金融
sh601319,中国人保,非银金融
sh601326,秦港股份,交通运输
sh601328,交通银行,银行
sh601330,绿色动力,环保
sh601333,广深铁路,交通运输
sh601336,新华保险,非银金融
sh601339,百隆东方,纺织服饰
sh601360,三六零,计算机
sh601366,利群股份,商贸零售
sh601368,绿城水务,环保
sh601369,陕鼓动力,机械设备
sh601375,中原证券,非银金融
sh601377,兴业证券,非银金融
sh601388,怡球资源,有色金属
sh601390,中国中铁,建筑装饰
sh601398,工商银行,银行
sh601399,国机重装,机械设备
sh601456,国联民生,非银金融
sh601500,通用股份,汽车
sh601512,中新集团,房地产
sh601515,衢州东峰,轻工制造
sh601518,吉林高速,交通运输
sh601519,大智慧,计算机
sh601528,瑞丰银行,银行
sh601555,东吴证券,非银金融
sh601566,九牧王,纺织服饰
sh601567,三星电气,电力设备
sh601568,北元化工,基础化工
sh601577,长沙银行,银行
sh601579,会稽山,食品饮料
sh601588,北辰实业,房地产
sh601595,上海电影,传媒
sh601598,中国外运,交通运输
sh601599,浙文影业,纺织服饰
sh601600,中国铝业,有色金属
sh601601,中国太保,非银金融
sh601606,长城军工,国防军工
sh601607,上海医药,医药生物
sh601608,中信重工,机械设备
sh601609,金田股份,有色金属
sh601611,中国核建,建筑装饰
sh601615,明阳智能,电力设备
sh601616,广电电气,电力设备
sh601618,中国中冶,建筑装饰
sh601619,嘉泽新能,公用事业
sh601628,中国人寿,非银金融
sh601633,长城汽车,汽车
sh601636,旗滨集团,建筑材料
sh601658,邮储银行,银行
sh601665,齐鲁银行,银行
sh601666,平煤股份,煤炭
sh601668,中国建筑,建筑装饰
sh601669,中国电建,建筑装饰
sh601677,明泰铝业,有色金属
sh601678,滨化股份,基础化工
sh601686,友发集团,钢铁
sh601688,华泰证券,非银金融
sh601689,拓普集团,汽车
sh601696,中银证券,非银金融
sh601698,中国卫通,国防军工
sh601699,潞安环能,煤炭
sh601700,风范股份,电力设备
sh601702,华峰铝业,有色金属
sh601717,中创智领,机械设备
sh601727,上海电气,电力设备
sh601728,中国电信,通信
sh601766,中国中车,机械设备
sh601777,千里科技,汽车
sh601778,晶科科技,公用事业
sh601788,光大证券,非银金融
sh601789,宁波建工,建筑装饰
sh601798,蓝科高新,机械设备
sh601799,星宇股份,汽车
sh601800,中国交建,建筑装饰
sh601801,皖新传媒,传媒
sh601808,中海油服,石油石化
sh601811,新华文轩,传媒
sh601816,京沪高铁,交通运输
sh601818,光大银行,银行
sh601825,沪农商行,银行
sh601827,三峰环境,环保
sh601828,美凯龙,商贸零售
sh601838,成都银行,银行
sh601857,中国石油,石油石化
sh601858,中国科传,传媒
sh601860,紫金银行,银行
sh601865,福莱特,电力设备
sh601866,中远海发,交通运输
sh601868,中国能建,建筑装饰
sh601869,长飞光纤,通信
sh601872,招商轮船,交通运输
sh601877,正泰电器,电力设备
sh601878,浙商证券,非银金融
sh601880,辽港股份,交通运输
sh601881,中国银河,非银金融
sh601882,海天精工,机械设备
sh601886,江河集团,建筑装饰
sh601888,中国中免,商贸零售
sh601890,亚星锚链,国防军工
sh601898,中煤能源,煤炭
sh601899,紫金矿业,有色金属
sh601900,南方传媒,传媒
sh601901,方正证券,非银金融
sh601908,京运通,公用事业
sh601916,浙商银行,银行
sh601918,新集能源,煤炭
sh601919,中远海控,交通运输
sh601921,浙版传媒,传媒
sh601928,凤凰传媒,传媒
sh601929,吉视传媒,传媒
sh601933,永辉超市,商贸零售
sh601939,建设银行,银行
sh601949,中国出版,传媒
sh601952,苏垦农发,农林牧渔
sh601956,东贝集团,家用电器
sh601958,金钼股份,有色金属
sh601963,重庆银行,银行
sh601965,中国汽研,汽车
sh601966,玲珑轮胎,汽车
sh601968,宝钢包装,轻工制造
sh601969,海南矿业,钢铁
sh601975,招商南油,交通运输
sh601985,中国核电,公用事业
sh601988,中国银行,银行
sh601989,中国重工,-
sh601990,南京证券,非银金融
sh601991,大唐发电,公用事业
sh601992,金隅集团,建筑材料
sh601995,中金公司,非银金融
sh601996,丰林集团,轻工制造
sh601997,贵阳银行,银行
sh601998,中信银行,银行
sh601999,出版传媒,传媒
sh603000,人民网,传媒
sh603001,奥康国际,纺织服饰
sh603002,宏昌电子,电子
sh603004,鼎龙科技,基础化工
sh603005,晶方科技,电子
sh603006,联明股份,汽车
sh603007,顺景科技,汽车
sh603009,北特科技,汽车
sh603010,万盛股份,基础化工
sh603011,合锻智能,机械设备
sh603012,创力集团,机械设备
sh603013,亚普股份,汽车
sh603014,威高血净,医药生物
sh603015,弘讯科技,机械设备
sh603016,新宏泰,电力设备
sh603017,中衡设计,建筑装饰
sh603018,华设集团,建筑装饰
sh603019,中科曙光,计算机
sh603020,爱普股份,基础化工
sh603022,新通联,轻工制造
sh603023,威帝股份,汽车
sh603025,大豪科技,机械设备
sh603026,石大胜华,电力设备
sh603027,千禾味业,食品饮料
sh603028,赛福天,机械设备
sh603029,天鹅股份,机械设备
sh603030,全筑股份,建筑装饰
sh603031,安孚科技,电力设备
sh603032,德新科技,电力设备
sh603033,三维股份,基础化工
sh603035,常熟汽饰,汽车
sh603036,如通股份,机械设备
sh603037,凯众股份,汽车
sh603038,华立股份,建筑材料
sh603039,泛微网络,计算机
sh603040,新坐标,汽车
sh603041,美思德,基础化工
sh603042,华脉科技,通信
sh603043,广州酒家,食品饮料
sh603045,福达合金,有色金属
sh603048,浙江黎明,汽车
sh603049,中策橡胶,汽车
sh603050,科林电气,电力设备
sh603051,鹿山新材,基础化工
sh603052,可川科技,电子
sh603053,成都燃气,公用事业
sh603055,台华新材,纺织服饰
sh603056,德邦股份,-
sh603057,紫燕食品,食品饮料
sh603058,永吉股份,轻工制造
sh603059,倍加洁,美容护理
sh603060,国检集团,社会服务
sh603061,金海通,电子
sh603062,麦加芯彩,基础化工
sh603063,禾望电气,电力设备
sh603065,宿迁联盛,基础化工
sh603066,音飞储存,交通运输
sh603067,振华股份,基础化工
sh603068,博通集成,电子
sh603069,海汽集团,交通运输
sh603070,万控智造,电力设备
sh603071,物产环能,公用事业
sh603072,天和磁材,有色金属
sh603073,彩蝶实业,基础化工
sh603075,热威股份,家用电器
sh603076,乐惠国际,机械设备
sh603077,和邦生物,基础化工
sh603078,江化微,电子
sh603079,圣达生物,基础化工
sh603080,新疆火炬,公用事业
sh603081,大丰实业,机械设备
sh603082,北自科技,机械设备
sh603083,剑桥科技,通信
sh603085,天成自控,汽车
sh603086,先达股份,基础化工
sh603087,甘李药业,医药生物
sh603088,宁波精达,机械设备
sh603089,正裕工业,汽车
sh603090,宏盛股份,机械设备
sh603091,众鑫股份,轻工制造
sh603092,德力佳,电力设备
sh603093,南华期货,非银金融
sh603095,越剑智能,机械设备
sh603096,新经典,传媒
sh603097,江苏华辰,电力设备
sh603098,森特股份,建筑装饰
sh603099,长白山,社会服务
sh603100,川仪股份,机械设备
sh603101,汇嘉时代,商贸零售
sh603102,百合股份,食品饮料
sh603103,横店影视,传媒
sh603105,芯能科技,公用事业
sh603106,恒银科技,计算机
sh603107,上海汽配,汽车
sh603108,润达医疗,医药生物
sh603109,神驰机电,汽车
sh603110,东方材料,基础化工
sh603111,康尼机电,机械设备
sh603112,华翔股份,家用电器
sh603113,金能科技,基础化工
sh603115,海星股份,电子
sh603116,红蜻蜓,纺织服饰
sh603117,万林物流,交通运输
sh603118,共进股份,通信
sh603119,浙江荣泰,汽车
sh603120,肯特催化,基础化工
sh603121,华培动力,汽车
sh603122,合富中国,医药生物
sh603123,翠微股份,商贸零售
sh603124,江南新材,有色金属
sh603125,常青科技,基础化工
sh603126,中材节能,环保
sh603127,昭衍新药,医药生物
sh603128,华贸物流,交通运输
sh603129,春风动力,汽车
sh603130,云中马,纺织服饰
sh603131,上海沪工,机械设备
sh603132,金徽股份,有色金属
sh603135,中重科技,机械设备
sh603136,天目湖,社会服务
sh603137,恒尚节能,建筑装饰
sh603138,海量数据,计算机
sh603139,康惠股份,医药生物
sh603150,万朗磁塑,基础化工
sh603151,邦基科技,农林牧渔
sh603153,上海建科,建筑装饰
sh603155,新亚强,基础化工
sh603156,养元饮品,食品饮料
sh603158,腾龙股份,汽车
sh603159,上海亚虹,机械设备
sh603160,汇顶科技,电子
sh603161,科华控股,汽车
sh603162,海通发展,交通运输
sh603163,圣晖集成,建筑装饰
sh603165,荣晟环保,轻工制造
sh603166,福达股份,汽车
sh603167,渤海轮渡,交通运输
sh603168,莎普爱思,医药生物
sh603169,兰石重装,机械设备
sh603170,宝立食品,食品饮料
sh603171,税友股份,计算机
sh603172,万丰股份,基础化工
sh603173,福斯达,机械设备
sh603175,超颖电子,电子
sh603176,汇通集团,建筑装饰
sh603177,德创环保,环保
sh603178,圣龙股份,汽车
sh603179,新泉股份,汽车
sh603180,金牌家居,轻工制造
sh603181,皇马科技,基础化工
sh603182,嘉华股份,农林牧渔
sh603183,建研院,社会服务
sh603185,弘元绿能,电力设备
sh603186,华正新材,电子
sh603187,海容冷链,机械设备
sh603188,亚邦股份,基础化工
sh603190,亚通精工,汽车
sh603191,望变电气,电力设备
sh603192,汇得科技,基础化工
sh603193,润本股份,美容护理
sh603194,中力股份,机械设备
sh603195,公牛集团,轻工制造
sh603196,璞源材料,纺织服饰
sh603197,保隆科技,汽车
sh603198,迎驾贡酒,食品饮料
sh603199,九华旅游,社会服务
sh603200,上海洗霸,环保
sh603201,常润股份,汽车
sh603202,天有为,汽车
sh603203,快克智能,机械设备
sh603205,健尔康,医药生物
sh603206,嘉环科技,通信
sh603207,小方制药,医药生物
sh603208,江山欧派,轻工制造
sh603209,兴通股份,交通运输
sh603210,泰鸿万立,汽车
sh603211,晋拓股份,汽车
sh603212,赛伍技术,电力设备
sh603213,镇洋发展,基础化工
sh603214,爱婴室,商贸零售
sh603215,比依股份,家用电器
sh603216,梦天家居,轻工制造
sh603217,元利科技,基础化工
sh603218,日月股份,电力设备
sh603219,富佳股份,家用电器
sh603220,中贝通信,通信
sh603221,爱丽家居,轻工制造
sh603222,济民健康,医药生物
sh603223,恒通股份,石油石化
sh603225,新凤鸣,基础化工
sh603226,菲林格尔,轻工制造
sh603227,雪峰科技,基础化工
sh603228,景旺电子,电子
sh603229,奥翔药业,医药生物
sh603230,内蒙新华,传媒
sh603231,索宝蛋白,农林牧渔
sh603232,格尔软件,计算机
sh603233,大参林,医药生物
sh603235,天新药业,基础化工
sh603236,移远通信,通信
sh603237,五芳斋,食品饮料
sh603238,诺邦股份,纺织服饰
sh603239,浙江仙通,汽车
sh603248,锡华科技,电力设备
sh603255,鼎际得,基础化工
sh603256,宏和科技,建筑材料
sh603257,中国瑞林,建筑装饰
sh603258,电魂网络,传媒
sh603259,药明康德,医药生物
sh603260,合盛硅业,基础化工
sh603261,立航科技,国防军工
sh603262,技源集团,食品饮料
sh603266,天龙股份,汽车
sh603267,鸿远电子,国防军工
sh603268,松发股份,国防军工
sh603269,海鸥股份,机械设备
sh603270,金帝股份,机械设备
sh603271,永杰新材,有色金属
sh603273,天元智能,机械设备
sh603275,众辰科技,机械设备
sh603276,恒兴新材,基础化工
sh603277,银都股份,机械设备
sh603278,大业股份,机械设备
sh603279,景津装备,机械设备
sh603280,南方路机,机械设备
sh603281,江瀚新材,基础化工
sh603282,亚光股份,环保
sh603283,赛腾股份,机械设备
sh603284,林平发展,轻工制造
sh603285,键邦股份,基础化工
sh603286,日盈电子,汽车
sh603288,海天味业,食品饮料
sh603289,泰瑞机器,机械设备
sh603290,斯达半导,电子
sh603291,联合水务,环保
sh603293,埃泰克,汽车
sh603296,华勤技术,电子
sh603297,永新光学,电子
sh603298,杭叉集团,机械设备
sh603299,苏盐井神,基础化工
sh603300,海南华铁,非银金融
sh603301,振德医疗,医药生物
sh603302,鑫广绿环,-
sh603303,得邦照明,家用电器
sh603305,旭升集团,汽车
sh603306,华懋科技,汽车
sh603307,扬州金泉,纺织服饰
sh603308,应流股份,机械设备
sh603309,维力医疗,医药生物
sh603310,巍华新材,基础化工
sh603311,金海高科,家用电器
sh603312,西典新能,电力设备
sh603313,梦百合,轻工制造
sh603315,福鞍股份,环保
sh603316,诚邦股份,电子
sh603317,天味食品,食品饮料
sh603318,水发燃气,公用事业
sh603319,美湖股份,汽车
sh603320,迪贝电气,电力设备
sh603321,梅轮电梯,机械设备
sh603322,超讯科技,通信
sh603323,苏农银行,银行
sh603324,盛剑科技,环保
sh603325,博隆技术,机械设备
sh603326,我乐家居,轻工制造
sh603327,福蓉科技,电子
sh603328,依顿电子,电子
sh603329,上海雅仕,交通运输
sh603330,天洋新材,基础化工
sh603331,百达精工,机械设备
sh603332,苏州龙杰,基础化工
sh603333,福华尚纬,电力设备
sh603334,丰倍生物,基础化工
sh603335,迪生力,汽车
sh603336,宏辉果蔬,农林牧渔
sh603337,杰克科技,机械设备
sh603338,浙江鼎力,机械设备
sh603339,四方科技,机械设备
sh603341,龙旗科技,电子
sh603344,星德胜,电力设备
sh603345,安井食品,食品饮料
sh603348,文灿股份,汽车
sh603350,安乃达,电力设备
sh603351,威尔药业,医药生物
sh603352,至信股份,汽车
sh603353,和顺石油,石油石化
sh603355,莱克电气,家用电器
sh603356,华菱精工,机械设备
sh603357,设计总院,建筑装饰
sh603358,华达科技,汽车
sh603360,百傲化学,基础化工
sh603361,浙江国祥,-
sh603363,傲农生物,农林牧渔
sh603365,水星家纺,纺织服饰
sh603366,日出东方,家用电器
sh603367,辰欣药业,医药生物
sh603368,柳药集团,医药生物
sh603369,今世缘,食品饮料
sh603370,华新精科,电力设备
sh603373,安邦护卫,社会服务
sh603375,盛景微,电子
sh603376,大明电子,汽车
sh603379,三美股份,基础化工
sh603380,易德龙,电子
sh603381,永臻股份,电力设备
sh603382,海阳科技,基础化工
sh603383,顶点软件,计算机
sh603385,惠达卫浴,轻工制造
sh603386,骏亚科技,电子
sh603387,基蛋生物,医药生物
sh603389,亚振家居,轻工制造
sh603390,通达电气,汽车
sh603391,力聚热能,机械设备
sh603392,万泰生物,医药生物
sh603393,新天然气,公用事业
sh603395,红四方,基础化工
sh603396,金辰股份,电力设备
sh603399,永杉锂业,有色金属
sh603400,华之杰,机械设备
sh603402,陕西旅游,社会服务
sh603406,天富龙,基础化工
sh603407,长裕集团,有色金属
sh603408,建霖家居,轻工制造
sh603409,汇通控股,汽车
sh603416,信捷电气,机械设备
sh603418,友升股份,汽车
sh603421,鼎信通讯,通信
sh603435,嘉德利,基础化工
sh603439,三力制药,医药生物
sh603444,吉比特,传媒
sh603448,C天博,汽车
sh603456,XD九洲药,医药生物
sh603458,勘设股份,建筑装饰
sh603459,红板科技,电子
sh603466,风语筑,传媒
sh603468,津富士达,汽车
sh603477,巨星农牧,农林牧渔
sh603486,科沃斯,家用电器
sh603488,展鹏科技,机械设备
sh603489,八方股份,电力设备
sh603496,恒为科技,计算机
sh603499,翔港科技,轻工制造
sh603500,祥和实业,机械设备
sh603501,豪威集团,电子
sh603505,金石资源,基础化工
sh603506,南都物业,房地产
sh603507,振江股份,电力设备
sh603508,思维列控,计算机
sh603511,爱慕股份,纺织服饰
sh603515,欧普照明,家用电器
sh603516,淳中科技,计算机
sh603518,锦泓集团,纺织服饰
sh603519,立霸股份,家用电器
sh603520,XD司太立,医药生物
sh603527,众源新材,有色金属
sh603528,多伦科技,计算机
sh603529,爱玛科技,汽车
sh603530,神马电力,电力设备
sh603533,掌阅科技,传媒
sh603535,嘉诚国际,交通运输
sh603536,惠发食品,食品饮料
sh603538,美诺华,医药生物
sh603551,奥普科技,家用电器
sh603556,海兴电力,电力设备
sh603558,健盛集团,纺织服饰
sh603559,中通国脉,通信
sh603565,中谷物流,交通运输
sh603566,普莱柯,农林牧渔
sh603567,珍宝岛,医药生物
sh603568,伟明环保,环保
sh603569,长久物流,交通运输
sh603577,汇金通,电力设备
sh603578,三星新材,家用电器
sh603579,荣泰健康,家用电器
sh603580,艾艾精工,基础化工
sh603583,捷昌驱动,机械设备
sh603585,苏利股份,基础化工
sh603586,金麒麟,汽车
sh603587,地素时尚,纺织服饰
sh603588,高能环境,环保
sh603589,口子窖,食品饮料
sh603590,康辰药业,医药生物
sh603596,伯特利,汽车
sh603598,引力传媒,传媒
sh603599,广信股份,基础化工
sh603600,XD永艺股,轻工制造
sh603601,再升科技,建筑材料
sh603602,纵横通信,传媒
sh603605,珀莱雅,美容护理
sh603606,东方电缆,电力设备
sh603607,京华激光,轻工制造
sh603608,天创时尚,纺织服饰
sh603609,禾丰股份,农林牧渔
sh603610,麒盛科技,轻工制造
sh603611,诺力股份,机械设备
sh603612,索通发展,基础化工
sh603613,国联股份,商贸零售
sh603615,茶花股份,轻工制造
sh603616,韩建河山,建筑材料
sh603617,君禾股份,机械设备
sh603618,杭电股份,电力设备
sh603619,中曼石油,石油石化
sh603626,科森科技,电子
sh603628,清源股份,电力设备
sh603629,利通电子,电子
sh603630,拉芳家化,美容护理
sh603633,徕木股份,电子
sh603636,南威软件,计算机
sh603637,镇海股份,建筑装饰
sh603638,艾迪精密,机械设备
sh603639,海利尔,基础化工
sh603648,畅联股份,交通运输
sh603650,彤程新材,基础化工
sh603655,朗博科技,汽车
sh603656,泰禾智能,机械设备
sh603657,春光科技,家用电器
sh603658,安图生物,医药生物
sh603659,璞泰来,电力设备
sh603660,苏州科达,计算机
sh603661,恒林股份,轻工制造
sh603662,柯力传感,机械设备
sh603663,三祥新材,基础化工
sh603665,康隆达,纺织服饰
sh603666,亿嘉和,机械设备
sh603667,五洲新春,机械设备
sh603668,天马科技,农林牧渔
sh603669,灵康药业,医药生物
sh603676,卫信康,医药生物
sh603677,奇精机械,家用电器
sh603678,火炬电子,国防军工
sh603679,华体科技,电子
sh603680,今创集团,机械设备
sh603681,永冠新材,基础化工
sh603682,锦和商管,商贸零售
sh603683,晶华新材,基础化工
sh603685,晨丰科技,电子
sh603686,福龙马,环保
sh603687,大胜达,轻工制造
sh603688,石英股份,基础化工
sh603689,皖天然气,公用事业
sh603690,至纯科技,电子
sh603693,江苏新能,公用事业
sh603696,安记食品,食品饮料
sh603697,XD有友食,食品饮料
sh603698,航天工程,机械设备
sh603699,纽威股份,机械设备
sh603700,宁水集团,机械设备
sh603701,德宏股份,汽车
sh603703,盛洋科技,电子
sh603706,东方环宇,公用事业
sh603707,健友股份,医药生物
sh603708,家家悦,商贸零售
sh603709,中源家居,轻工制造
sh603711,香飘飘,食品饮料
sh603712,七一二,国防军工
sh603713,密尔克卫,交通运输
sh603716,塞力医疗,医药生物
sh603717,天域生物,农林牧渔
sh603719,良品铺子,食品饮料
sh603721,中广天择,传媒
sh603722,阿科力,基础化工
sh603725,天安新材,轻工制造
sh603726,朗迪集团,家用电器
sh603727,博迈科,石油石化
sh603728,鸣志电器,电力设备
sh603730,岱美股份,汽车
sh603733,仙鹤股份,轻工制造
sh603737,三棵树,建筑材料
sh603738,泰晶科技,电子
sh603739,蔚蓝生物,基础化工
sh603755,日辰股份,食品饮料
sh603757,大元泵业,机械设备
sh603758,秦安股份,汽车
sh603759,海天股份,环保
sh603766,隆鑫通用,汽车
sh603767,中马传动,汽车
sh603768,常青股份,汽车
sh603773,沃格光电,电子
sh603776,永安行,汽车
sh603777,来伊份,食品饮料
sh603778,国晟科技,电力设备
sh603779,威龙股份,食品饮料
sh603786,科博达,汽车
sh603787,新日股份,汽车
sh603788,宁波高发,汽车
sh603790,雅运股份,基础化工
sh603797,联泰环保,环保
sh603798,康普顿,石油石化
sh603799,华友钴业,有色金属
sh603800,洪田股份,机械设备
sh603801,志邦家居,轻工制造
sh603803,瑞斯康达,通信
sh603806,福斯特,电力设备
sh603808,歌力思,纺织服饰
sh603809,豪能股份,汽车
sh603810,丰山集团,基础化工
sh603811,诚意药业,医药生物
sh603813,原尚股份,交通运输
sh603815,交建股份,建筑装饰
sh603816,顾家家居,轻工制造
sh603817,海峡环保,环保
sh603818,曲美家居,轻工制造
sh603819,神力股份,电力设备
sh603823,百合花,基础化工
sh603826,坤彩科技,基础化工
sh603829,洛凯股份,电力设备
sh603833,欧派家居,轻工制造
sh603836,海程邦达,交通运输
sh603839,安正时尚,纺织服饰
sh603848,好太太,轻工制造
sh603855,华荣股份,机械设备
sh603856,东宏股份,建筑材料
sh603858,步长制药,医药生物
sh603859,能科科技,计算机
sh603860,中公高科,建筑装饰
sh603861,白云电器,电力设备
sh603863,松炀资源,轻工制造
sh603866,桃李面包,食品饮料
sh603867,新化股份,基础化工
sh603868,XD飞科电,家用电器
sh603871,嘉友国际,交通运输
sh603876,鼎胜新材,有色金属
sh603877,太平鸟,纺织服饰
sh603878,武进不锈,钢铁
sh603879,永悦科技,基础化工
sh603880,南卫股份,医药生物
sh603881,数据港,通信
sh603882,金域医学,医药生物
sh603883,老百姓,医药生物
sh603885,吉祥航空,交通运输
sh603886,元祖股份,食品饮料
sh603887,城地香江,计算机
sh603888,新华网,传媒
sh603889,新澳股份,纺织服饰
sh603890,春秋电子,电子
sh603893,瑞芯微,电子
sh603895,天永智能,机械设备
sh603896,寿仙谷,医药生物
sh603897,长城科技,电力设备
sh603898,好莱客,轻工制造
sh603899,晨光股份,轻工制造
sh603900,莱绅通灵,纺织服饰
sh603901,永创智能,机械设备
sh603903,中持股份,环保
sh603906,龙蟠科技,电力设备
sh603908,牧高笛,纺织服饰
sh603909,建发合诚,建筑装饰
sh603912,佳力图,机械设备
sh603915,国茂股份,机械设备
sh603916,苏博特,基础化工
sh603917,合力科技,汽车
sh603918,金桥信息,计算机
sh603919,金徽酒,食品饮料
sh603920,世运电路,电子
sh603926,铁流股份,汽车
sh603927,中科软,计算机
sh603928,兴业股份,基础化工
sh603929,亚翔集成,建筑装饰
sh603931,格林达,电子
sh603933,睿能科技,电子
sh603936,博敏电子,电子
sh603937,丽岛新材,有色金属
sh603938,三孚股份,基础化工
sh603939,益丰药房,医药生物
sh603948,建业股份,基础化工
sh603949,雪龙集团,汽车
sh603950,长源东谷,汽车
sh603955,大千生态,建筑装饰
sh603956,威派格,机械设备
sh603958,哈森股份,纺织服饰
sh603960,克来机电,汽车
sh603966,法兰泰克,机械设备
sh603967,中创物流,交通运输
sh603968,醋化股份,基础化工
sh603969,银龙股份,机械设备
sh603970,中农立华,基础化工
sh603976,正川股份,医药生物
sh603977,国泰集团,基础化工
sh603978,深圳新星,有色金属
sh603979,金诚信,有色金属
sh603980,吉华集团,基础化工
sh603982,泉峰汽车,汽车
sh603983,丸美生物,美容护理
sh603985,恒润股份,电力设备
sh603986,兆易创新,电子
sh603987,康德莱,医药生物
sh603988,中电电机,电力设备
sh603989,艾华集团,电子
sh603990,麦迪科技,计算机
sh603991,领先股份,电子
sh603992,松霖科技,轻工制造
sh603993,洛阳钼业,有色金属
sh603995,甬金股份,钢铁
sh603997,继峰股份,汽车
sh603998,XD方盛制,医药生物
sh603999,读者传媒,传媒
sh605001,威奥股份,机械设备
sh605003,众望布艺,纺织服饰
sh605005,合兴股份,汽车
sh605006,山东玻纤,建筑材料
sh605007,五洲特纸,轻工制造
sh605008,长鸿高科,基础化工
sh605009,豪悦护理,美容护理
sh605011,杭州热电,公用事业
sh605016,百龙创园,基础化工
sh605018,长华集团,汽车
sh605020,永和股份,基础化工
sh605028,世茂能源,公用事业
sh605033,美邦股份,基础化工
sh605050,福然德,交通运输
sh605055,迎丰股份,纺织服饰
sh605056,咸亨国际,机械设备
sh605058,澳弘电子,电子
sh605060,联德股份,机械设备
sh605066,天正电气,电力设备
sh605068,明新旭腾,汽车
sh605069,正和生态,环保
sh605077,华康股份,基础化工
sh605080,浙江自然,轻工制造
sh605086,龙高股份,基础化工
sh605088,冠盛股份,汽车
sh605089,味知香,食品饮料
sh605090,九丰能源,公用事业
sh605098,行动教育,社会服务
sh605099,共创草坪,轻工制造
sh605100,华丰股份,机械设备
sh605108,同庆楼,社会服务
sh605111,新洁能,电子
sh605116,奥锐特,医药生物
sh605117,德业股份,电力设备
sh605118,XD力鼎光,计算机
sh605122,四方新材,建筑材料
sh605123,派克新材,国防军工
sh605128,上海沿浦,汽车
sh605133,嵘泰股份,汽车
sh605136,丽人丽妆,商贸零售
sh605138,盛泰集团,纺织服饰
sh605151,西上海,汽车
sh605155,西大门,轻工制造
sh605158,华达新材,有色金属
sh605162,新中港,公用事业
sh605166,聚合顺,基础化工
sh605167,利柏特,建筑装饰
sh605168,三人行,传媒
sh605169,洪通燃气,公用事业
sh605177,东亚药业,医药生物
sh605178,时空科技,建筑装饰
sh605179,一鸣食品,食品饮料
sh605180,华生科技,纺织服饰
sh605183,确成股份,基础化工
sh605186,健麾信息,机械设备
sh605188,国光连锁,商贸零售
sh605189,富春染织,纺织服饰
sh605196,华通线缆,电力设备
sh605198,安德利,农林牧渔
sh605208,永茂泰,有色金属
sh605218,伟时电子,电子
sh605222,起帆电缆,电力设备
sh605228,神通科技,汽车
sh605255,天普股份,汽车
sh605258,协和电子,电子
sh605259,绿田机械,机械设备
sh605266,健之佳,医药生物
sh605268,王力安防,轻工制造
sh605277,新亚电子,电子
sh605286,同力天启,机械设备
sh605287,德才股份,建筑装饰
sh605288,凯迪股份,机械设备
sh605289,罗曼股份,建筑装饰
sh605296,神农集团,农林牧渔
sh605298,必得科技,机械设备
sh605299,舒华体育,轻工制造
sh605300,佳禾食品,食品饮料
sh605303,园林股份,建筑装饰
sh605305,XD中际联,机械设备
sh605318,法狮龙,建筑材料
sh605319,无锡振华,汽车
sh605333,沪光股份,汽车
sh605337,李子园,食品饮料
sh605338,巴比食品,食品饮料
sh605339,南侨食品,食品饮料
sh605358,立昂微,电子
sh605365,立达信,家用电器
sh605366,宏柏新材,基础化工
sh605368,蓝天燃气,公用事业
sh605369,拱东医疗,医药生物
sh605376,博迁新材,有色金属
sh605377,华旺科技,轻工制造
sh605378,野马电池,电力设备
sh605388,均瑶健康,食品饮料
sh605389,长龄液压,机械设备
sh605398,新炬网络,计算机
sh605399,晨光新材,基础化工
sh605488,福莱新材,基础化工
sh605499,东鹏饮料,食品饮料
sh605500,森林包装,轻工制造
sh605507,国邦医药,医药生物
sh605555,德昌股份,家用电器
sh605566,福莱蒽特,基础化工
sh605567,春雪食品,食品饮料
sh605577,龙版传媒,传媒
sh605580,恒盛能源,公用事业
sh605588,冠石科技,电子
sh605589,圣泉集团,基础化工
sh605598,上海港湾,建筑装饰
sh605599,菜百股份,纺织服饰
