2026-06-11 14:00,10.00,10.06,9.98,9.99
2026-06-11 14:30,9.99,10.05,9.99,10.03
2026-06-11 15:00,10.03,10.05,9.99,10.04
2026-06-12 10:00,9.96,10.05,9.82,9.93
2026-06-12 10:30,9.94,10.10,9.93,10.10
2026-06-12 11:00,10.08,10.20,10.04,10.19
2026-06-12 11:30,10.19,10.44,10.17,10.38
2026-06-12 13:30,10.38,10.39,10.23,10.24
2026-06-12 14:00,10.23,10.24,10.14,10.15
2026-06-12 14:30,10.15,10.18,10.12,10.16
2026-06-12 15:00,10.16,10.18,10.11,10.16
2026-06-15 10:00,10.12,10.35,10.00,10.23
2026-06-15 10:30,10.23,10.36,10.16,10.18
2026-06-15 11:00,10.17,10.22,10.16,10.20
2026-06-15 11:30,10.20,10.21,10.14,10.16
2026-06-15 13:30,10.16,10.17,10.08,10.12
2026-06-15 14:00,10.12,10.13,10.03,10.09
2026-06-15 14:30,10.08,10.10,10.06,10.06
2026-06-15 15:00,10.07,10.12,10.03,10.12
2026-06-16 10:00,10.10,10.10,9.80,9.88
2026-06-16 10:30,9.88,9.97,9.87,9.92
2026-06-16 11:00,9.93,9.98,9.87,9.89
2026-06-16 11:30,9.89,9.96,9.89,9.91
2026-06-16 13:30,9.92,10.01,9.86,9.91
2026-06-16 14:00,9.91,9.92,9.84,9.84
2026-06-16 14:30,9.84,9.85,9.81,9.84
2026-06-16 15:00,9.83,9.84,9.77,9.78
2026-06-17 10:00,9.76,9.90,9.74,9.82
2026-06-17 10:30,9.83,9.84,9.73,9.74
2026-06-17 11:00,9.75,9.77,9.69,9.74
2026-06-17 11:30,9.74,9.96,9.72,9.93
2026-06-17 13:30,9.91,9.99,9.78,9.79
2026-06-17 14:00,9.78,9.86,9.78,9.80
2026-06-17 14:30,9.80,9.86,9.72,9.84
2026-06-17 15:00,9.84,9.87,9.79,9.82
2026-06-18 10:00,9.88,9.88,9.66,9.67
2026-06-18 10:30,9.68,9.80,9.63,9.76
2026-06-18 11:00,9.74,9.77,9.65,9.67
2026-06-18 11:30,9.67,9.68,9.55,9.60
2026-06-18 13:30,9.61,9.62,9.53,9.61
2026-06-18 14:00,9.61,9.64,9.55,9.60
2026-06-18 14:30,9.61,9.61,9.55,9.58
2026-06-18 15:00,9.58,9.62,9.57,9.58
2026-06-22 10:00,9.62,9.64,9.38,9.42
2026-06-22 10:30,9.42,9.53,9.34,9.47
2026-06-22 11:00,9.48,9.53,9.38,9.42
2026-06-22 11:30,9.40,9.53,9.40,9.48
2026-06-22 13:30,9.48,9.59,9.48,9.53
2026-06-22 14:00,9.52,9.53,9.44,9.51
2026-06-22 14:30,9.52,9.58,9.51,9.56
2026-06-22 15:00,9.55,9.56,9.48,9.56
2026-06-23 10:00,9.51,9.92,9.40,9.86
2026-06-23 10:30,9.84,9.89,9.70,9.71
2026-06-23 11:00,9.71,9.73,9.57,9.58
2026-06-23 11:30,9.58,9.61,9.57,9.58
2026-06-23 13:30,9.58,9.59,9.53,9.54
2026-06-23 14:00,9.54,9.55,9.43,9.50
2026-06-23 14:30,9.48,9.51,9.42,9.43
2026-06-23 15:00,9.43,9.45,9.40,9.43
2026-06-24 10:00,9.38,9.54,9.35,9.38
2026-06-24 10:30,9.37,9.39,9.28,9.29
2026-06-24 11:00,9.28,9.35,9.28,9.35
2026-06-24 11:30,9.36,9.41,9.33,9.36
2026-06-24 13:30,9.37,9.44,9.31,9.33
2026-06-24 14:00,9.33,9.34,9.28,9.31
2026-06-24 14:30,9.31,9.31,9.26,9.29
2026-06-24 15:00,9.30,9.32,9.24,9.27
2026-06-25 10:00,9.24,9.24,8.97,9.02
2026-06-25 10:30,9.02,9.06,8.96,8.99
2026-06-25 11:00,8.99,9.14,8.97,9.12
2026-06-25 11:30,9.12,9.14,9.07,9.08
2026-06-25 13:30,9.08,9.17,9.03,9.09
2026-06-25 14:00,9.09,9.09,9.01,9.01
2026-06-25 14:30,9.01,9.04,9.00,9.02
2026-06-25 15:00,9.02,9.04,9.00,9.04
2026-06-26 10:00,8.98,9.11,8.90,8.93
2026-06-26 10:30,8.93,8.97,8.85,8.85
2026-06-26 11:00,8.86,8.86,8.73,8.76
2026-06-26 11:30,8.76,8.86,8.75,8.85
2026-06-26 13:30,8.85,8.92,8.82,8.88
2026-06-26 14:00,8.88,8.88,8.82,8.83
2026-06-26 14:30,8.84,8.85,8.80,8.81
2026-06-26 15:00,8.81,8.89,8.78,8.83
2026-06-29 10:00,8.68,8.68,7.96,7.96
2026-06-29 10:30,7.96,8.18,7.96,8.17
2026-06-29 11:00,8.16,8.19,8.05,8.07
2026-06-29 11:30,8.05,8.09,7.95,7.96
2026-06-29 13:30,7.96,7.96,7.95,7.95
2026-06-29 14:00,7.95,7.96,7.95,7.95
2026-06-29 14:30,7.95,7.95,7.95,7.95
2026-06-29 15:00,7.95,7.95,7.95,7.95
2026-06-30 10:00,7.95,8.12,7.78,7.83
2026-06-30 10:30,7.84,8.07,7.82,8.00
2026-06-30 11:00,7.99,8.01,7.86,7.90
2026-06-30 11:30,7.90,7.96,7.87,7.89
2026-06-30 13:30,7.87,7.95,7.87,7.90
2026-06-30 14:00,7.90,7.91,7.77,7.83
2026-06-30 14:30,7.84,7.89,7.83,7.84
2026-06-30 15:00,7.85,7.86,7.75,7.85
2026-07-01 10:00,7.92,8.17,7.81,7.98
2026-07-01 10:30,7.98,8.13,7.92,8.03
2026-07-01 11:00,8.03,8.28,8.02,8.13
2026-07-01 11:30,8.12,8.43,8.12,8.43
2026-07-01 13:30,8.43,8.48,8.28,8.33
2026-07-01 14:00,8.34,8.34,8.23,8.24
2026-07-01 14:30,8.24,8.32,8.23,8.31
2026-07-01 15:00,8.31,8.44,8.26,8.44
2026-07-02 10:00,8.22,8.48,8.17,8.38
2026-07-02 10:30,8.41,8.43,8.30,8.37
2026-07-02 11:00,8.37,8.44,8.31,8.37
2026-07-02 11:30,8.36,8.42,8.31,8.38
2026-07-02 13:30,8.39,8.44,8.35,8.35
2026-07-02 14:00,8.35,8.43,8.34,8.40
2026-07-02 14:30,8.40,8.41,8.34,8.36
2026-07-02 15:00,8.35,8.39,8.29,8.34
2026-07-03 10:00,8.38,8.43,8.22,8.33
2026-07-03 10:30,8.33,8.40,8.22,8.33
2026-07-03 11:00,8.34,8.41,8.31,8.34
2026-07-03 11:30,8.34,8.35,8.28,8.34
2026-07-03 13:30,8.33,8.47,8.33,8.38
2026-07-03 14:00,8.38,8.52,8.38,8.52
2026-07-03 14:30,8.52,8.53,8.44,8.47
2026-07-03 15:00,8.47,8.49,8.41,8.47
2026-07-06 10:00,8.41,8.68,8.30,8.68
2026-07-06 10:30,8.67,8.71,8.47,8.50
2026-07-06 11:00,8.50,8.60,8.49,8.49
2026-07-06 11:30,8.49,8.52,8.41,8.42
2026-07-06 13:30,8.42,8.51,8.41,8.43
2026-07-06 14:00,8.43,8.46,8.41,8.43
2026-07-06 14:30,8.43,8.46,8.42,8.45
2026-07-06 15:00,8.46,8.49,8.42,8.43
2026-07-07 10:00,8.46,8.46,8.22,8.23
2026-07-07 10:30,8.23,8.28,8.19,8.19
2026-07-07 11:00,8.18,8.19,8.13,8.14
2026-07-07 11:30,8.14,8.18,8.12,8.15
2026-07-07 13:30,8.16,8.17,8.08,8.09
2026-07-07 14:00,8.08,8.11,8.04,8.06
2026-07-07 14:30,8.06,8.07,8.01,8.04
2026-07-07 15:00,8.05,8.08,8.03,8.05
2026-07-08 10:00,8.04,8.10,7.85,8.06
2026-07-08 10:30,8.05,8.09,7.92,7.94
2026-07-08 11:00,7.93,7.94,7.85,7.87
2026-07-08 11:30,7.87,7.90,7.85,7.90
2026-07-08 13:30,7.90,7.91,7.84,7.89
2026-07-08 14:00,7.89,7.90,7.84,7.85
2026-07-08 14:30,7.86,7.91,7.85,7.89
2026-07-08 15:00,7.88,7.93,7.88,7.88
2026-07-09 10:00,7.83,7.98,7.78,7.97
2026-07-09 10:30,7.98,8.00,7.81,7.82
2026-07-09 11:00,7.81,7.82,7.73,7.74
2026-07-09 11:30,7.75,7.77,7.73,7.73
2026-07-09 13:30,7.73,7.80,7.71,7.80
2026-07-09 14:00,7.80,7.81,7.76,7.78
2026-07-09 14:30,7.78,7.80,7.75,7.78
2026-07-09 15:00,7.79,7.84,7.78,7.84
2026-07-10 10:00,7.78,7.78,7.62,7.77
2026-07-10 10:30,7.76,8.00,7.73,7.89
2026-07-10 11:00,7.89,7.98,7.87,7.95
2026-07-10 11:30,7.95,8.02,7.95,8.00
2026-07-10 13:30,7.99,8.03,7.98,7.98
2026-07-10 14:00,7.98,8.00,7.91,7.91
2026-07-10 14:30,7.91,7.96,7.90,7.94
2026-07-10 15:00,7.92,7.94,7.90,7.90
2026-07-13 10:00,7.90,7.99,7.76,7.85
2026-07-13 10:30,7.85,8.00,7.85,7.93
2026-07-13 11:00,7.94,7.95,7.89,7.89
2026-07-13 11:30,7.89,7.94,7.86,7.94
2026-07-13 13:30,7.93,7.94,7.79,7.81
2026-07-13 14:00,7.81,7.85,7.76,7.83
2026-07-13 14:30,7.83,7.83,7.77,7.81
2026-07-13 15:00,7.81,7.84,7.78,7.81
2026-07-14 10:00,7.78,7.97,7.78,7.88
2026-07-14 10:30,7.88,7.96,7.87,7.93
2026-07-14 11:00,7.93,8.02,7.92,8.01
2026-07-14 11:30,8.01,8.05,7.94,7.97
2026-07-14 13:30,7.98,8.01,7.86,7.90
2026-07-14 14:00,7.90,7.95,7.85,7.93
2026-07-14 14:30,7.93,7.96,7.92,7.94
2026-07-14 15:00,7.94,7.97,7.93,7.96
2026-07-15 10:00,7.93,8.08,7.85,8.02
2026-07-15 10:30,8.01,8.02,7.90,7.91
2026-07-15 11:00,7.92,7.99,7.91,7.93
2026-07-15 11:30,7.93,7.95,7.87,7.93
2026-07-15 13:30,7.93,7.94,7.87,7.90
2026-07-15 14:00,7.89,7.91,7.87,7.88
2026-07-15 14:30,7.88,7.90,7.86,7.88
2026-07-15 15:00,7.89,7.92,7.87,7.89
2026-07-16 10:00,8.54,8.68,8.01,8.09
2026-07-16 10:30,8.09,8.11,7.98,8.11
2026-07-16 11:00,8.10,8.24,8.10,8.10
2026-07-16 11:30,8.10,8.19,8.09,8.16
2026-07-16 13:30,8.17,8.18,8.06,8.14
2026-07-16 14:00,8.13,8.14,8.09,8.11
2026-07-16 14:30,8.12,8.23,8.09,8.18
2026-07-16 15:00,8.18,8.23,8.08,8.22
2026-07-17 10:00,8.06,8.30,8.02,8.13
2026-07-17 10:30,8.12,8.13,8.02,8.03
2026-07-17 11:00,8.03,8.08,8.00,8.04
2026-07-17 11:30,8.04,8.16,8.04,8.09
2026-07-17 13:30,8.09,8.10,8.00,8.01
2026-07-17 14:00,8.01,8.01,7.90,7.98
2026-07-17 14:30,7.98,8.12,7.97,8.04
2026-07-17 15:00,8.04,8.07,7.91,7.91
2026-07-20 10:00,7.95,8.11,7.80,8.05
2026-07-20 10:30,8.04,8.15,7.98,8.02
2026-07-20 11:00,8.01,8.10,7.99,8.08
2026-07-20 11:30,8.07,8.10,8.03,8.05
2026-07-20 13:30,8.06,8.11,8.05,8.07
2026-07-20 14:00,8.06,8.08,7.94,7.97
2026-07-20 14:30,7.97,8.02,7.93,8.00
2026-07-20 15:00,8.00,8.08,7.95,8.06
2026-07-21 10:00,8.03,8.30,8.00,8.19
2026-07-21 10:30,8.20,8.20,8.05,8.08
2026-07-21 11:00,8.09,8.09,7.99,8.00
2026-07-21 11:30,8.00,8.02,7.97,7.99
2026-07-21 13:30,7.98,8.04,7.98,8.00
2026-07-21 14:00,8.00,8.01,7.97,7.98
2026-07-21 14:30,7.98,8.01,7.94,7.95
2026-07-21 15:00,7.95,7.97,7.92,7.97
2026-07-22 10:00,7.90,8.08,7.83,8.04
2026-07-22 10:30,8.04,8.15,7.99,8.09
2026-07-22 11:00,8.11,8.25,8.10,8.11
2026-07-22 11:30,8.11,8.11,8.01,8.03
2026-07-22 13:30,8.03,8.10,8.00,8.09
2026-07-22 14:00,8.09,8.12,8.08,8.11
2026-07-22 14:30,8.10,8.14,8.10,8.11
2026-07-22 15:00,8.11,8.19,8.09,8.17
2026-07-23 10:00,8.09,8.17,8.02,8.07
2026-07-23 10:30,8.08,8.29,8.08,8.26
2026-07-23 11:00,8.25,8.28,8.21,8.26
2026-07-23 11:30,8.25,8.27,8.22,8.26
2026-07-23 13:30,8.25,8.33,8.25,8.27
2026-07-23 14:00,8.26,8.31,8.25,8.25
2026-07-23 14:30,8.26,8.28,8.24,8.26
2026-07-23 15:00,8.26,8.32,8.25,8.32
2026-07-24 10:00,8.26,8.34,8.08,8.14
2026-07-24 10:30,8.14,8.19,8.10,8.10
2026-07-24 11:00,8.10,8.11,8.02,8.02
2026-07-24 11:30,8.03,8.07,8.02,8.05
2026-07-24 13:30,8.04,8.06,8.02,8.02
2026-07-24 14:00,8.02,8.05,7.99,7.99
2026-07-24 14:30,8.00,8.03,7.98,8.01
2026-07-24 15:00,8.01,8.01,7.96,7.97
2026-07-27 10:00,7.95,8.07,7.88,8.05
2026-07-27 10:30,8.05,8.10,8.04,8.08
2026-07-27 11:00,8.09,8.14,8.08,8.12
2026-07-27 11:30,8.12,8.16,8.11,8.15
2026-07-27 13:30,8.15,8.16,8.09,8.09
2026-07-27 14:00,8.09,8.13,8.09,8.12
2026-07-27 14:30,8.12,8.14,8.12,8.13
2026-07-27 15:00,8.13,8.15,8.13,8.14
2026-07-28 10:00,8.08,8.10,7.99,8.09
2026-07-28 10:30,8.09,8.14,8.05,8.07
2026-07-28 11:00,8.07,8.07,8.01,8.04
2026-07-28 11:30,8.04,8.10,8.01,8.08
2026-07-28 13:30,8.08,8.09,8.04,8.07
2026-07-28 14:00,8.07,8.17,8.06,8.17
2026-07-28 14:30,8.16,8.25,8.16,8.19
2026-07-28 15:00,8.20,8.22,8.17,8.20
2026-07-29 10:00,8.15,8.34,8.15,8.32
2026-07-29 10:30,8.32,8.41,8.30,8.38
2026-07-29 11:00,8.37,8.43,8.36,8.37
2026-07-29 11:30,8.37,8.40,8.34,8.38
2026-07-29 13:30,8.38,8.42,8.33,8.38
2026-07-29 14:00,8.37,8.42,8.34,8.35
2026-07-29 14:30,8.35,8.37,8.33,8.35
2026-07-29 15:00,8.35,8.36,8.28,8.31
2026-07-30 10:00,8.30,8.50,8.30,8.48
2026-07-30 10:30,8.48,8.48,8.35,8.39
2026-07-30 11:00,8.39,8.40,8.32,8.34
2026-07-30 11:30,8.34,8.37,8.29,8.30
2026-07-30 13:30,8.29,8.32,8.25,8.30
2026-07-30 14:00,8.31,8.35,8.28,8.32
2026-07-30 14:30,8.30,8.36,8.30,8.34
2026-07-30 15:00,8.34,8.39,8.33,8.38
2026-07-31 10:00,8.30,8.36,8.23,8.26
2026-07-31 10:30,8.26,8.34,8.24,8.26
2026-07-31 11:00,8.26,8.28,8.22,8.24
2026-07-31 11:30,8.24,8.29,8.24,8.26
2026-07-31 13:30,8.26,8.32,8.26,8.30
2026-07-31 14:00,8.30,8.36,8.28,8.35
2026-07-31 14:30,8.35,8.45,8.33,8.42
2026-07-31 15:00,8.42,8.44,8.37,8.42
2026-08-03 10:00,8.35,8.50,8.28,8.47
2026-08-03 10:30,8.47,8.58,8.47,8.52
2026-08-03 11:00,8.52,8.61,8.51,8.53
2026-08-03 11:30,8.53,8.59,8.52,8.54
2026-08-03 13:30,8.55,8.59,8.52,8.56
2026-08-03 14:00,8.56,8.59,8.54,8.57
2026-08-03 14:30,8.56,8.58,8.53,8.54
2026-08-03 15:00,8.54,8.58,8.54,8.56
2026-08-04 10:00,8.58,8.68,8.40,8.42
2026-08-04 10:30,8.42,8.50,8.40,8.48
2026-08-04 11:00,8.48,8.50,8.44,8.49
2026-08-04 11:30,8.49,8.52,8.47,8.50
2026-08-04 13:30,8.49,8.50,8.45,8.46
2026-08-04 14:00,8.46,8.50,8.45,8.48
2026-08-04 14:30,8.48,8.49,8.45,8.46
2026-08-04 15:00,8.47,8.47,8.42,8.44
2026-08-05 10:00,8.40,8.46,8.32,8.37
2026-08-05 10:30,8.37,8.52,8.36,8.50
2026-08-05 11:00,8.49,8.55,8.43,8.44
2026-08-05 11:30,8.44,8.46,8.42,8.43
2026-08-05 13:30,8.43,8.44,8.40,8.42
2026-08-05 14:00,8.42,8.47,8.41,8.46
2026-08-05 14:30,8.45,8.46,8.37,8.40
2026-08-05 15:00,8.40,8.46,8.39,8.45
2026-08-06 10:00,8.45,8.60,8.45,8.53
2026-08-06 10:30,8.52,8.55,8.46,8.48
2026-08-06 11:00,8.48,8.48,8.41,8.42
2026-08-06 11:30,8.42,8.45,8.37,8.42
2026-08-06 13:30,8.42,8.43,8.37,8.38
2026-08-06 14:00,8.38,8.43,8.36,8.43
2026-08-06 14:30,8.43,8.51,8.40,8.48
2026-08-06 15:00,8.47,8.77,8.40,8.69
2026-08-07 10:00,8.62,8.64,8.39,8.56
2026-08-07 10:30,8.56,8.57,8.45,8.48
2026-08-07 11:00,8.47,8.50,8.42,8.43
2026-08-07 11:30,8.43,8.55,8.43,8.50
2026-08-07 13:30,8.50,8.52,8.43,8.46
