2025-07-15,21.30,21.47,21.86,21.30
2025-07-16,21.45,21.30,21.61,21.27
2025-07-17,21.31,21.13,21.42,21.06
2025-07-18,21.12,21.68,21.75,21.12
2025-07-21,21.85,23.05,23.12,21.85
2025-07-22,23.07,23.65,23.67,22.94
2025-07-23,23.79,23.48,24.19,23.43
2025-07-24,23.31,23.35,23.52,22.99
2025-07-25,23.48,23.35,23.76,23.31
2025-07-28,23.12,23.30,23.40,22.89
2025-07-29,23.24,23.11,23.33,22.75
2025-07-30,23.02,23.80,24.15,23.02
2025-07-31,23.60,23.26,23.83,23.22
2025-08-01,23.23,22.82,23.39,22.77
2025-08-04,22.67,22.86,23.10,22.60
2025-08-05,22.92,22.84,23.01,22.75
2025-08-06,22.85,23.16,23.34,22.84
2025-08-07,23.20,23.04,23.43,22.90
2025-08-08,23.06,23.42,23.43,23.01
2025-08-11,23.59,23.50,23.78,23.27
2025-08-12,23.49,23.90,24.26,23.38
2025-08-13,24.08,24.31,24.50,23.82
2025-08-14,24.38,23.86,24.38,23.76
2025-08-15,23.80,24.62,24.90,23.73
2025-08-18,24.78,24.42,24.95,24.36
2025-08-19,24.50,24.20,24.54,24.04
2025-08-20,24.78,25.55,25.89,24.71
2025-08-21,25.50,25.19,25.67,25.14
2025-08-22,25.29,25.06,25.41,24.85
2025-08-25,25.36,25.81,25.91,25.22
2025-08-26,25.83,26.52,26.97,25.66
2025-08-27,26.37,25.79,26.52,25.79
2025-08-28,25.79,25.80,26.04,25.18
2025-08-29,25.98,25.81,26.15,25.60
2025-09-01,25.65,25.94,26.34,25.55
2025-09-02,26.08,25.60,26.08,25.27
2025-09-03,25.64,25.06,25.85,24.92
2025-09-04,24.99,24.76,25.10,24.48
2025-09-05,24.77,24.88,25.03,24.72
2025-09-08,24.94,25.60,25.71,24.74
2025-09-09,25.57,26.30,27.18,25.52
2025-09-10,26.15,25.94,26.53,25.44
2025-09-11,25.82,26.13,26.19,25.75
2025-09-12,26.15,25.82,26.15,25.58
2025-09-15,25.85,25.54,25.89,25.45
2025-09-16,25.73,25.25,26.30,24.98
2025-09-17,25.20,25.20,25.45,24.94
2025-09-18,25.25,24.40,25.25,24.29
2025-09-19,24.60,24.88,24.95,24.60
2025-09-22,24.82,24.39,24.87,24.18
2025-09-23,24.30,24.23,24.52,23.84
2025-09-24,24.26,24.71,24.75,24.06
2025-09-25,24.68,24.43,24.90,24.43
2025-09-26,24.40,24.76,25.04,24.40
2025-09-29,24.81,24.98,25.03,24.46
2025-09-30,25.25,25.60,25.83,25.10
2025-10-09,25.92,27.36,27.45,25.84
2025-10-10,27.05,27.54,28.17,26.93
2025-10-13,26.65,27.57,28.07,26.65
2025-10-14,28,27.73,28.52,27.46
2025-10-15,27.73,27.91,28.37,27.31
2025-10-16,27.92,26.75,27.97,26.60
2025-10-17,26.88,26.30,27.19,26.24
2025-10-20,26.61,26.27,26.75,26.03
2025-10-21,26.32,26.92,27.18,26.05
2025-10-22,26.78,26.28,26.96,26.20
2025-10-23,26.46,26.77,26.83,25.95
2025-10-24,26.80,26.58,27.11,26.28
2025-10-27,26.61,26.84,27.32,26.61
2025-10-28,26.85,26.64,26.98,26.41
2025-10-29,27.30,28.60,28.73,27.30
2025-10-30,28.60,27.89,28.72,27.59
2025-10-31,28,27.56,28.27,27.48
2025-11-03,27.70,28.39,28.42,27.41
2025-11-04,28.20,28.10,28.63,27.57
2025-11-05,27.56,28.31,28.56,26.97
2025-11-06,28.24,31.26,31.26,28.24
2025-11-07,31.90,33.17,33.73,31.56
2025-11-10,34.48,34.03,36.61,33.79
2025-11-11,34.17,34.31,34.76,33.70
2025-11-12,33.71,33.41,33.92,32.36
2025-11-13,33.41,34.67,35.16,33.41
2025-11-14,33.98,33.40,34.85,33.39
2025-11-17,33.80,33.18,34.35,33.06
2025-11-18,33,31.75,33.70,31.53
2025-11-19,31.57,31.53,32.27,31.10
2025-11-20,31.75,31.20,32.44,31.19
2025-11-21,30.80,29.65,31.03,29.60
2025-11-24,29.85,28.91,30,28.80
2025-11-25,29.22,29.30,29.49,28.80
2025-11-26,29.31,29.11,29.48,29
2025-11-27,29.13,29.46,29.90,29.13
2025-11-28,29.35,29.77,30.01,29.22
2025-12-01,29.90,29.73,30.36,29.57
2025-12-02,29.68,29.49,29.80,29.31
2025-12-03,29.60,29.47,30.16,29.29
2025-12-04,29.12,29.40,29.85,29.12
2025-12-05,29.43,30.25,30.45,29.36
2025-12-08,30.40,30.09,30.54,29.70
2025-12-09,29.93,29.65,30.05,29.51
2025-12-10,29.41,29.41,29.66,29.12
2025-12-11,29.64,29.48,30.35,29.41
2025-12-12,29.40,28.52,29.57,28.51
2025-12-15,28.30,28.52,28.87,28.12
2025-12-16,28.50,27.57,28.52,27.40
2025-12-17,27.51,28.43,28.56,27.51
2025-12-18,28.28,28.57,28.78,28.08
2025-12-19,28.54,28.65,29.01,28.28
2025-12-22,28.89,29.51,29.62,28.88
2025-12-23,29.51,29.61,29.83,29.10
2025-12-24,29.62,29.59,29.63,29.12
2025-12-25,30.30,30.35,31,29.63
2025-12-26,30.49,31.60,31.60,30.16
2025-12-29,31.81,31.38,32.35,31.10
2025-12-30,30.99,32.62,33.19,30.75
2025-12-31,32.46,32.21,32.57,31.94
2026-01-05,32.40,32.61,33.17,32.33
2026-01-06,32.50,34.52,34.84,32.50
2026-01-07,34.52,34.21,34.71,33.90
2026-01-08,34.05,33.50,34.20,33.15
2026-01-09,33.30,33.40,33.77,32.78
2026-01-12,33.35,32.48,33.37,32.22
2026-01-13,32.70,33.07,33.65,32.66
2026-01-14,33.07,33.09,33.60,32.64
2026-01-15,33,34.07,35.50,32.92
2026-01-16,34.17,33.72,34.57,33.41
2026-01-19,33.45,34.78,34.88,33.10
2026-01-20,34.95,34.87,35.24,34.01
2026-01-21,34.85,35.47,35.71,34.32
2026-01-22,35.70,35.88,36.52,35.31
2026-01-23,35.88,36.46,36.53,35.30
2026-01-26,36.46,37.80,38.22,36.46
2026-01-27,37.35,37.15,38.27,36.43
2026-01-28,36.87,38.69,39.07,36.43
2026-01-29,39.06,38.29,40.25,37.68
2026-01-30,37.44,36.99,38.34,35.98
2026-02-02,35.96,33.84,36.38,33.78
2026-02-03,34.72,34.83,34.98,34.11
2026-02-04,35.10,34.88,35.19,34.46
2026-02-05,34.60,33.90,35.08,33.70
2026-02-06,33.10,34.58,35.22,33.05
2026-02-09,35.03,34.53,35.15,34.30
2026-02-10,34.37,34.28,34.47,34.04
2026-02-11,34.22,35.32,36.05,34.15
2026-02-12,35.33,35.46,35.67,35.15
2026-02-13,35.10,34.58,35.17,34.40
2026-02-24,35.86,38.16,38.16,35.83
2026-02-25,39,42.10,42.10,38.75
2026-02-26,42.20,43.35,43.64,41.31
2026-02-27,42.30,43.17,44.42,42.30
2026-03-02,44.12,42.79,44.20,41.90
2026-03-03,42.15,39.98,42.79,39.19
2026-03-04,38.95,39.87,41.46,38.94
2026-03-05,40.64,39.50,40.65,39.18
2026-03-06,39.21,41.47,41.78,38.77
2026-03-09,42.27,40.82,43.08,40.64
2026-03-10,39.60,40,40.77,39.57
2026-03-11,39.89,40.79,40.91,39.08
2026-03-12,41.10,41.05,41.90,39.63
2026-03-13,41.19,41.93,43.90,41.19
2026-03-16,42.38,39.49,43.18,39.30
2026-03-17,39.10,37.97,40.26,37.97
2026-03-18,37.90,37.52,37.95,36.45
2026-03-19,37.55,35.76,37.94,35.39
2026-03-20,35.69,36.01,36.80,35.47
2026-03-23,34.68,35.49,36.97,34.61
2026-03-24,34.61,33.31,34.68,31.90
2026-03-25,32.93,33.34,33.93,32.81
2026-03-26,33.30,32.77,33.90,32.55
2026-03-27,32.28,33.58,34.13,32.21
2026-03-30,33.59,33.78,34.49,33.53
2026-03-31,33.74,32.19,33.85,32.07
2026-04-01,32.60,32.30,32.76,32.04
2026-04-02,32.09,31.47,32.10,30.80
2026-04-03,31.52,30.24,31.59,29.96
2026-04-07,30.24,31.40,31.52,29.91
2026-04-08,31.39,32.18,32.23,31.30
2026-04-09,31.80,32.08,32.39,31.55
2026-04-10,32.40,32.26,32.79,31.92
2026-04-13,32.45,32.08,32.59,31.63
2026-04-14,32.13,32.29,32.33,31.81
2026-04-15,32.46,31.76,32.69,31.71
2026-04-16,31.80,32.61,32.95,31.70
2026-04-17,33.10,32.16,33.10,32.04
2026-04-20,32.02,32.16,32.34,31.73
2026-04-21,32.16,32.79,33.20,31.48
2026-04-22,32.83,33.75,34.08,32.70
2026-04-23,33.75,32.80,33.87,32.68
2026-04-24,32.60,34.47,34.50,32.56
2026-04-27,34.12,33.99,34.39,33.50
2026-04-28,34.25,34.45,35.42,34.21
2026-04-29,34.03,35.48,35.58,33.45
2026-04-30,35.24,34.98,35.66,34.73
2026-05-06,35.08,34.98,35.11,33.80
2026-05-07,34.77,33.90,34.77,33.85
2026-05-08,33.80,33.57,34.10,33.33
2026-05-11,33.56,33.83,34.10,33.40
2026-05-12,33.73,32.99,33.76,32.95
2026-05-13,32.84,33.28,33.48,32.80
2026-05-14,33.44,32.34,33.51,32.34
2026-05-15,32.23,32.35,33.14,32.19
2026-05-18,32.49,31.61,32.99,31.47
2026-05-19,31.61,31.31,31.61,30.90
2026-05-20,31.05,31.67,31.79,30.80
2026-05-21,31.53,31.58,32.62,31.39
2026-05-22,31.59,32.16,32.58,31.29
2026-05-25,32,30.90,32.32,30.75
2026-05-26,30.84,32.03,32.08,30.56
2026-05-27,32.05,31.27,32.76,31.08
2026-05-28,31.50,30.96,31.98,30.65
2026-05-29,30.92,30.64,31.22,30.44
2026-06-01,30.73,31.01,31.39,30.57
2026-06-02,31,31.07,31.32,30.20
2026-06-03,30.83,31.02,31.45,30.51
2026-06-04,30.90,30.22,30.92,30
2026-06-05,30.05,29.77,30.49,29.60
2026-06-08,29.17,28.93,29.67,28.75
2026-06-09,29.23,28.77,29.28,28.09
2026-06-10,28.30,28.70,29.10,28.30
2026-06-11,29.24,29.99,30.28,28.81
2026-06-12,29.56,29.60,30.99,28.96
2026-06-15,30.20,31.22,31.30,30.20
2026-06-16,31.21,30.62,31.99,30.33
2026-06-17,30.22,30.23,30.55,29.47
2026-06-18,29.95,29.57,30.51,29.17
2026-06-22,29.29,32.53,32.53,29.06
2026-06-23,32.97,32.06,33.56,31.81
2026-06-24,31.70,34.12,34.19,31.70
2026-06-25,34.04,33.50,34.44,32.82
2026-06-26,33.58,32.13,33.58,32.10
2026-06-29,32.13,31.96,32.96,31
2026-06-30,31.65,30.40,31.65,30.07
2026-07-01,30.01,31.10,31.63,29.68
2026-07-02,30.75,31.49,31.98,30
2026-07-03,31.54,30.60,31.61,30.45
2026-07-06,30.25,30.29,31.16,30.01
2026-07-07,30.06,28.86,30.18,28.83
2026-07-08,28.77,28.98,29.04,28.11
2026-07-09,28.83,27.76,28.84,27.37
2026-07-10,27.58,27.27,27.85,26.96
2026-07-13,27.07,26.46,27.17,26.27
2026-07-14,26.46,27.75,27.85,26.38
2026-07-15,27.75,28.18,28.56,27.33
2026-07-16,27.96,27.62,28.28,27.53
2026-07-17,27.60,27.45,28.09,27.25
2026-07-20,27.50,28.12,28.38,27.44
2026-07-21,28.20,28.84,29.18,27.99
2026-07-22,28.58,29.60,29.79,28.36
2026-07-23,29.21,30.25,30.40,29.02
2026-07-24,29.90,28.80,30.33,28.76
2026-07-27,28.66,29.20,29.20,28.51
2026-07-28,28.80,29.40,29.59,28.73
2026-07-29,29.18,29.89,30.16,29.12
2026-07-30,29.61,30.37,30.51,29.61
2026-07-31,30.13,29.87,30.13,29.80
2026-08-03,29.80,29.55,30.12,29.40
2026-08-04,29.57,29.40,29.69,29.06
2026-08-05,29.30,30.17,30.19,29.13
2026-08-06,30.10,30.02,30.36,29.70
2026-08-07,30.02,30.12,30.32,29.74
