2026-06-11 14:00,39.08,39.20,39.01,39.02
2026-06-11 14:30,39.02,39.03,38.81,38.84
2026-06-11 15:00,38.84,39.17,38.84,39.06
2026-06-12 10:00,39.47,40.05,39.13,39.50
2026-06-12 10:30,39.50,39.88,39.44,39.60
2026-06-12 11:00,39.59,39.62,39.44,39.60
2026-06-12 11:30,39.61,39.74,39.40,39.49
2026-06-12 13:30,39.50,39.50,39.30,39.31
2026-06-12 14:00,39.31,39.31,39.13,39.16
2026-06-12 14:30,39.16,39.34,39.10,39.30
2026-06-12 15:00,39.30,39.57,39.28,39.55
2026-06-15 10:00,39.55,40.30,39.55,39.97
2026-06-15 10:30,39.97,40.10,39.86,39.92
2026-06-15 11:00,39.92,39.97,39.66,39.79
2026-06-15 11:30,39.79,39.84,39.66,39.73
2026-06-15 13:30,39.74,39.79,39.48,39.64
2026-06-15 14:00,39.64,39.74,39.62,39.69
2026-06-15 14:30,39.69,39.85,39.66,39.72
2026-06-15 15:00,39.69,39.82,39.64,39.78
2026-06-16 10:00,40.09,40.09,39.20,39.29
2026-06-16 10:30,39.29,39.37,39.08,39.19
2026-06-16 11:00,39.19,39.56,39.14,39.51
2026-06-16 11:30,39.50,39.77,39.45,39.68
2026-06-16 13:30,39.68,39.74,39.43,39.49
2026-06-16 14:00,39.49,39.80,39.45,39.69
2026-06-16 14:30,39.69,39.86,39.61,39.61
2026-06-16 15:00,39.61,39.73,39.59,39.70
2026-06-17 10:00,39.70,39.75,39.22,39.49
2026-06-17 10:30,39.51,40.30,39.48,40.16
2026-06-17 11:00,40.28,40.75,39.99,40.09
2026-06-17 11:30,40.09,40.12,39.86,39.95
2026-06-17 13:30,39.96,40.25,39.79,40.09
2026-06-17 14:00,40.09,40.28,40.04,40.09
2026-06-17 14:30,40.09,40.22,40.01,40.09
2026-06-17 15:00,40.08,40.31,40.08,40.29
2026-06-18 10:00,40.23,40.23,39.40,40.01
2026-06-18 10:30,40.01,40.11,39.88,39.95
2026-06-18 11:00,39.95,39.95,39.56,39.72
2026-06-18 11:30,39.72,39.72,39.50,39.61
2026-06-18 13:30,39.60,39.73,39.50,39.69
2026-06-18 14:00,39.69,39.70,39.40,39.49
2026-06-18 14:30,39.49,39.54,39.43,39.49
2026-06-18 15:00,39.49,39.96,39.28,39.90
2026-06-22 10:00,39.57,39.57,38.11,38.27
2026-06-22 10:30,38.27,38.38,37.89,37.92
2026-06-22 11:00,37.92,38.10,37.45,37.48
2026-06-22 11:30,37.50,37.99,37.45,37.87
2026-06-22 13:30,37.87,38.11,37.76,37.98
2026-06-22 14:00,37.93,38.38,37.84,38.34
2026-06-22 14:30,38.34,38.60,38.30,38.55
2026-06-22 15:00,38.55,38.64,38.37,38.37
2026-06-23 10:00,38.08,38.79,37.83,38.70
2026-06-23 10:30,38.70,38.83,38.62,38.69
2026-06-23 11:00,38.69,38.76,38.45,38.48
2026-06-23 11:30,38.48,38.49,38.30,38.35
2026-06-23 13:30,38.35,38.73,38.29,38.61
2026-06-23 14:00,38.61,38.74,38.53,38.55
2026-06-23 14:30,38.60,38.63,38.15,38.29
2026-06-23 15:00,38.29,38.47,38.18,38.45
2026-06-24 10:00,38.00,38.31,37.39,37.71
2026-06-24 10:30,37.71,37.72,37.37,37.42
2026-06-24 11:00,37.41,37.42,37.11,37.36
2026-06-24 11:30,37.37,37.79,37.37,37.79
2026-06-24 13:30,37.79,38.00,37.75,37.90
2026-06-24 14:00,37.90,38.10,37.78,37.93
2026-06-24 14:30,37.93,38.00,37.49,37.64
2026-06-24 15:00,37.62,37.63,37.48,37.48
2026-06-25 10:00,37.50,37.48,36.40,36.50
2026-06-25 10:30,36.50,36.53,35.88,35.90
2026-06-25 11:00,35.90,36.46,35.90,36.46
2026-06-25 11:30,36.46,36.46,36.04,36.04
2026-06-25 13:30,36.07,36.45,35.97,36.21
2026-06-25 14:00,36.22,36.30,36.05,36.08
2026-06-25 14:30,36.08,36.21,36.01,36.07
2026-06-25 15:00,36.06,36.15,35.93,35.95
2026-06-26 10:00,35.55,35.63,34.61,34.61
2026-06-26 10:30,34.61,35.36,34.60,35.07
2026-06-26 11:00,35.07,35.13,34.71,34.85
2026-06-26 11:30,34.84,34.88,34.63,34.70
2026-06-26 13:30,34.74,35.18,34.70,35.17
2026-06-26 14:00,35.17,35.26,35.09,35.13
2026-06-26 14:30,35.13,35.17,34.82,34.97
2026-06-26 15:00,34.97,35.12,34.73,34.77
2026-06-29 10:00,34.77,35.00,33.38,33.38
2026-06-29 10:30,33.38,34.77,33.36,34.50
2026-06-29 11:00,34.50,34.59,34.04,34.31
2026-06-29 11:30,34.31,34.38,34.10,34.16
2026-06-29 13:30,34.21,34.86,34.15,34.86
2026-06-29 14:00,34.89,35.05,34.53,34.77
2026-06-29 14:30,34.76,34.80,34.41,34.57
2026-06-29 15:00,34.56,34.65,34.40,34.40
2026-06-30 10:00,34.30,34.81,33.51,34.43
2026-06-30 10:30,34.53,34.53,34.11,34.17
2026-06-30 11:00,34.17,35.15,34.05,34.99
2026-06-30 11:30,35.00,35.18,34.74,34.85
2026-06-30 13:30,34.81,35.88,34.81,35.60
2026-06-30 14:00,35.59,35.65,35.16,35.25
2026-06-30 14:30,35.25,35.63,35.25,35.56
2026-06-30 15:00,35.55,35.59,35.42,35.42
2026-07-01 10:00,35.36,35.83,35.04,35.65
2026-07-01 10:30,35.65,36.27,35.65,36.24
2026-07-01 11:00,36.24,36.64,36.04,36.52
2026-07-01 11:30,36.52,36.99,36.44,36.70
2026-07-01 13:30,36.76,36.80,36.42,36.51
2026-07-01 14:00,36.51,36.60,36.19,36.26
2026-07-01 14:30,36.30,36.55,36.26,36.37
2026-07-01 15:00,36.37,36.43,36.20,36.27
2026-07-02 10:00,36.28,36.76,35.86,36.70
2026-07-02 10:30,36.70,36.84,36.45,36.51
2026-07-02 11:00,36.51,36.57,36.27,36.53
2026-07-02 11:30,36.47,36.65,36.45,36.51
2026-07-02 13:30,36.53,36.53,36.22,36.30
2026-07-02 14:00,36.30,36.39,36.14,36.28
2026-07-02 14:30,36.28,36.49,36.17,36.17
2026-07-02 15:00,36.17,36.27,35.91,36.05
2026-07-03 10:00,36.05,36.55,35.78,36.41
2026-07-03 10:30,36.42,36.48,36.13,36.13
2026-07-03 11:00,36.13,36.13,35.71,35.87
2026-07-03 11:30,35.87,36.08,35.80,36.08
2026-07-03 13:30,36.10,36.40,36.06,36.21
2026-07-03 14:00,36.21,36.25,36.07,36.25
2026-07-03 14:30,36.25,36.25,35.93,35.95
2026-07-03 15:00,35.95,36.13,35.87,36.13
2026-07-06 10:00,36.01,37.81,36.01,37.66
2026-07-06 10:30,37.66,38.00,37.01,37.65
2026-07-06 11:00,37.65,37.72,37.15,37.20
2026-07-06 11:30,37.25,37.41,37.10,37.16
2026-07-06 13:30,37.13,37.29,37.01,37.21
2026-07-06 14:00,37.20,37.92,37.07,37.33
2026-07-06 14:30,37.33,37.78,37.18,37.48
2026-07-06 15:00,37.48,37.53,37.22,37.43
2026-07-07 10:00,38.00,38.10,36.10,36.10
2026-07-07 10:30,36.10,36.15,35.60,35.83
2026-07-07 11:00,35.83,35.87,35.26,35.35
2026-07-07 11:30,35.35,35.55,35.32,35.51
2026-07-07 13:30,35.51,36.19,35.30,35.67
2026-07-07 14:00,35.67,35.86,35.50,35.55
2026-07-07 14:30,35.56,35.56,35.26,35.28
2026-07-07 15:00,35.29,35.36,35.08,35.13
2026-07-08 10:00,35.22,36.81,35.22,35.70
2026-07-08 10:30,35.76,35.80,35.27,35.39
2026-07-08 11:00,35.39,35.57,35.04,35.05
2026-07-08 11:30,35.05,35.35,34.92,35.32
2026-07-08 13:30,35.27,35.30,35.06,35.10
2026-07-08 14:00,35.10,36.10,35.10,35.46
2026-07-08 14:30,35.46,35.51,35.15,35.32
2026-07-08 15:00,35.32,35.42,35.00,35.05
2026-07-09 10:00,34.89,35.33,34.20,35.15
2026-07-09 10:30,35.14,35.14,34.44,34.49
2026-07-09 11:00,34.49,34.49,34.06,34.08
2026-07-09 11:30,34.14,34.22,33.93,34.18
2026-07-09 13:30,34.19,34.86,34.19,34.57
2026-07-09 14:00,34.57,34.82,34.43,34.82
2026-07-09 14:30,34.82,34.94,34.68,34.85
2026-07-09 15:00,34.85,34.99,34.75,34.88
2026-07-10 10:00,34.80,34.80,34.28,34.73
2026-07-10 10:30,34.73,34.95,34.62,34.75
2026-07-10 11:00,34.75,34.96,34.66,34.86
2026-07-10 11:30,34.86,35.19,34.86,35.07
2026-07-10 13:30,35.05,35.80,35.03,35.73
2026-07-10 14:00,35.76,35.92,35.17,35.17
2026-07-10 14:30,35.26,35.33,35.13,35.27
2026-07-10 15:00,35.27,35.40,35.06,35.29
2026-07-13 10:00,34.80,34.80,33.05,33.09
2026-07-13 10:30,33.06,33.47,33.01,33.35
2026-07-13 11:00,33.35,33.36,33.02,33.23
2026-07-13 11:30,33.21,33.37,33.03,33.22
2026-07-13 13:30,33.32,33.36,33.03,33.09
2026-07-13 14:00,33.10,33.51,33.10,33.24
2026-07-13 14:30,33.24,33.24,32.88,32.95
2026-07-13 15:00,32.95,33.20,32.92,33.01
2026-07-14 10:00,32.88,32.90,31.68,32.24
2026-07-14 10:30,32.25,32.67,32.14,32.36
2026-07-14 11:00,32.36,32.44,32.08,32.08
2026-07-14 11:30,32.07,32.23,31.90,32.23
2026-07-14 13:30,32.27,32.61,32.27,32.58
2026-07-14 14:00,32.58,32.62,32.13,32.28
2026-07-14 14:30,32.28,32.50,32.28,32.48
2026-07-14 15:00,32.48,32.48,32.31,32.41
2026-07-15 10:00,32.41,33.15,32.15,33.09
2026-07-15 10:30,33.09,33.15,32.69,32.80
2026-07-15 11:00,32.78,32.89,32.58,32.58
2026-07-15 11:30,32.58,32.58,32.28,32.40
2026-07-15 13:30,32.39,32.65,32.21,32.42
2026-07-15 14:00,32.41,32.55,32.22,32.24
2026-07-15 14:30,32.24,32.28,32.11,32.21
2026-07-15 15:00,32.20,32.39,32.15,32.35
2026-07-16 10:00,32.07,32.62,31.95,32.59
2026-07-16 10:30,32.54,32.97,32.54,32.93
2026-07-16 11:00,32.93,32.93,32.70,32.82
2026-07-16 11:30,32.82,32.86,32.62,32.78
2026-07-16 13:30,32.78,32.78,32.55,32.58
2026-07-16 14:00,32.58,32.58,32.39,32.41
2026-07-16 14:30,32.47,32.60,32.31,32.34
2026-07-16 15:00,32.34,32.45,32.30,32.44
2026-07-17 10:00,32.12,32.70,32.05,32.30
2026-07-17 10:30,32.37,32.37,32.06,32.08
2026-07-17 11:00,32.08,32.08,31.72,31.74
2026-07-17 11:30,31.74,31.90,31.65,31.70
2026-07-17 13:30,31.70,31.70,31.06,31.20
2026-07-17 14:00,31.20,31.28,30.56,30.98
2026-07-17 14:30,30.98,31.44,30.97,31.24
2026-07-17 15:00,31.24,31.56,30.94,30.99
2026-07-20 10:00,31.30,31.76,31.08,31.66
2026-07-20 10:30,31.66,31.75,31.16,31.23
2026-07-20 11:00,31.23,31.66,31.12,31.63
2026-07-20 11:30,31.63,31.68,31.36,31.42
2026-07-20 13:30,31.42,31.56,31.04,31.09
2026-07-20 14:00,31.12,31.12,30.31,30.52
2026-07-20 14:30,30.57,30.99,30.45,30.75
2026-07-20 15:00,30.75,30.82,30.39,30.82
2026-07-21 10:00,30.94,30.94,29.60,29.78
2026-07-21 10:30,29.78,29.91,29.10,29.76
2026-07-21 11:00,29.80,30.26,29.76,30.24
2026-07-21 11:30,30.24,30.54,30.21,30.53
2026-07-21 13:30,30.43,30.70,30.33,30.46
2026-07-21 14:00,30.46,30.50,30.27,30.32
2026-07-21 14:30,30.32,30.48,30.31,30.32
2026-07-21 15:00,30.32,30.68,30.32,30.58
2026-07-22 10:00,30.20,30.79,30.20,30.41
2026-07-22 10:30,30.41,30.64,30.18,30.29
2026-07-22 11:00,30.30,30.51,30.15,30.15
2026-07-22 11:30,30.15,30.44,29.98,30.42
2026-07-22 13:30,30.38,30.43,30.20,30.26
2026-07-22 14:00,30.21,30.26,30.03,30.06
2026-07-22 14:30,30.06,30.32,30.06,30.12
2026-07-22 15:00,30.12,30.26,30.09,30.12
2026-07-23 10:00,30.11,31.58,30.03,31.13
2026-07-23 10:30,31.15,31.25,31.00,31.04
2026-07-23 11:00,31.04,31.93,31.01,31.38
2026-07-23 11:30,31.38,31.45,31.25,31.45
2026-07-23 13:30,31.49,31.65,31.26,31.37
2026-07-23 14:00,31.37,31.55,31.31,31.44
2026-07-23 14:30,31.44,31.55,31.39,31.48
2026-07-23 15:00,31.49,31.58,31.48,31.51
2026-07-24 10:00,31.20,31.49,30.86,30.93
2026-07-24 10:30,30.93,31.07,30.78,30.86
2026-07-24 11:00,30.86,30.86,30.60,30.64
2026-07-24 11:30,30.63,30.82,30.60,30.75
2026-07-24 13:30,30.75,31.03,30.75,30.84
2026-07-24 14:00,30.84,30.92,30.71,30.78
2026-07-24 14:30,30.79,30.92,30.77,30.90
2026-07-24 15:00,30.90,30.90,30.70,30.75
2026-07-27 10:00,30.39,31.20,30.39,31.18
2026-07-27 10:30,31.16,31.30,31.13,31.28
2026-07-27 11:00,31.28,31.49,31.25,31.30
2026-07-27 11:30,31.30,31.32,31.24,31.30
2026-07-27 13:30,31.30,31.32,31.09,31.10
2026-07-27 14:00,31.10,31.24,31.06,31.24
2026-07-27 14:30,31.24,31.44,31.19,31.42
2026-07-27 15:00,31.42,31.50,31.40,31.48
2026-07-28 10:00,31.48,32.25,31.13,32.14
2026-07-28 10:30,32.14,32.22,31.91,31.93
2026-07-28 11:00,31.91,31.94,31.64,31.67
2026-07-28 11:30,31.67,31.75,31.55,31.65
2026-07-28 13:30,31.74,31.74,31.44,31.45
2026-07-28 14:00,31.45,31.47,31.26,31.35
2026-07-28 14:30,31.35,31.43,31.25,31.32
2026-07-28 15:00,31.32,31.52,31.27,31.41
2026-07-29 10:00,31.67,31.71,31.38,31.44
2026-07-29 10:30,31.44,31.84,31.43,31.80
2026-07-29 11:00,31.80,31.93,31.65,31.68
2026-07-29 11:30,31.69,31.69,31.50,31.63
2026-07-29 13:30,31.64,31.83,31.53,31.80
2026-07-29 14:00,31.80,31.95,31.75,31.80
2026-07-29 14:30,31.80,31.83,31.73,31.81
2026-07-29 15:00,31.81,31.83,31.69,31.81
2026-07-30 10:00,31.86,32.60,31.59,32.12
2026-07-30 10:30,32.12,33.00,32.02,32.72
2026-07-30 11:00,32.72,32.95,32.52,32.58
2026-07-30 11:30,32.58,32.61,32.23,32.23
2026-07-30 13:30,32.31,32.37,31.93,32.20
2026-07-30 14:00,32.20,32.22,31.97,32.04
2026-07-30 14:30,32.04,32.17,31.93,32.03
2026-07-30 15:00,32.03,32.08,31.85,31.92
2026-07-31 10:00,31.65,32.94,31.65,32.77
2026-07-31 10:30,32.78,32.88,32.61,32.65
2026-07-31 11:00,32.65,32.89,32.65,32.89
2026-07-31 11:30,32.89,32.94,32.75,32.83
2026-07-31 13:30,32.83,32.84,32.74,32.76
2026-07-31 14:00,32.77,32.82,32.65,32.65
2026-07-31 14:30,32.65,32.84,32.59,32.78
2026-07-31 15:00,32.77,32.87,32.60,32.66
2026-08-03 10:00,32.72,35.20,32.72,34.97
2026-08-03 10:30,34.97,34.97,34.40,34.45
2026-08-03 11:00,34.45,34.46,34.21,34.31
2026-08-03 11:30,34.31,34.37,34.15,34.16
2026-08-03 13:30,34.21,34.21,33.85,34.08
2026-08-03 14:00,34.08,34.18,34.03,34.09
2026-08-03 14:30,34.10,34.20,34.06,34.16
2026-08-03 15:00,34.15,34.20,34.10,34.19
2026-08-04 10:00,34.23,34.80,34.07,34.51
2026-08-04 10:30,34.51,34.88,34.47,34.73
2026-08-04 11:00,34.73,34.85,34.49,34.52
2026-08-04 11:30,34.52,34.58,34.38,34.55
2026-08-04 13:30,34.55,34.63,34.42,34.57
2026-08-04 14:00,34.54,34.69,34.54,34.64
2026-08-04 14:30,34.64,34.64,34.31,34.44
2026-08-04 15:00,34.44,34.55,34.38,34.53
2026-08-05 10:00,34.66,35.83,34.66,35.00
2026-08-05 10:30,35.02,35.02,34.74,34.85
2026-08-05 11:00,34.85,34.85,34.70,34.70
2026-08-05 11:30,34.69,34.76,34.50,34.63
2026-08-05 13:30,34.63,34.76,34.54,34.55
2026-08-05 14:00,34.55,34.66,34.54,34.58
2026-08-05 14:30,34.58,34.60,34.41,34.48
2026-08-05 15:00,34.48,34.78,34.48,34.70
2026-08-06 10:00,34.50,35.35,34.26,35.18
2026-08-06 10:30,35.18,35.18,34.83,34.87
2026-08-06 11:00,34.85,34.93,34.59,34.59
2026-08-06 11:30,34.59,34.63,34.35,34.38
2026-08-06 13:30,34.36,34.49,34.20,34.21
2026-08-06 14:00,34.21,34.50,34.16,34.48
2026-08-06 14:30,34.49,34.69,34.40,34.62
2026-08-06 15:00,34.62,34.70,34.51,34.55
2026-08-07 10:00,34.47,34.51,34.01,34.19
2026-08-07 10:30,34.19,34.33,33.87,33.89
2026-08-07 11:00,33.89,34.00,33.83,33.99
2026-08-07 11:30,33.93,34.30,33.85,34.22
2026-08-07 13:30,34.18,34.30,34.16,34.29
