2025-07-15,23.59,24.11,24.15,23.40
2025-07-16,24.09,24.11,24.28,23.85
2025-07-17,24.15,24.52,25.03,23.98
2025-07-18,24.52,25.45,26.30,24.49
2025-07-21,25.25,25.02,25.44,24.81
2025-07-22,25,24.99,25.19,24.73
2025-07-23,25.08,24.83,25.23,24.75
2025-07-24,24.82,24.90,25.07,24.74
2025-07-25,25.06,25.32,25.38,24.90
2025-07-28,25.45,25.43,25.46,24.96
2025-07-29,25.20,25.45,25.56,25.01
2025-07-30,25.38,24.92,25.46,24.78
2025-07-31,24.85,24.86,25.35,24.81
2025-08-01,25,25.01,25.24,24.41
2025-08-04,24.85,25.19,25.25,24.83
2025-08-05,25.20,25.06,25.24,24.83
2025-08-06,25,25.48,25.52,24.92
2025-08-07,25.40,26.24,26.74,25.40
2025-08-08,26.01,25.24,26.23,25.18
2025-08-11,25.24,25.64,25.98,25.22
2025-08-12,25.66,25.70,25.85,25.40
2025-08-13,25.70,26.37,26.95,25.61
2025-08-14,26.50,26.15,27.07,26.13
2025-08-15,26.05,26.25,26.28,25.93
2025-08-18,26.26,28.04,28.66,26.26
2025-08-19,28.61,28.93,29.55,28.04
2025-08-20,28.58,28.52,28.58,27.79
2025-08-21,28.55,29.33,30.30,28.40
2025-08-22,29.90,30.04,30.18,29.15
2025-08-25,31.20,29.81,31.25,29.45
2025-08-26,29.49,29.55,30.03,29.01
2025-08-27,29.84,29.08,30.27,29
2025-08-28,28.99,29.61,29.77,28.52
2025-08-29,30,30.04,30.70,29.68
2025-09-01,29.99,29.50,30.31,29.25
2025-09-02,29.45,28.90,29.45,28.20
2025-09-03,28.74,27.78,28.77,27.59
2025-09-04,27.61,26.44,27.88,26.03
2025-09-05,26.64,27.02,27.02,26.15
2025-09-08,26.99,27.29,27.40,26.80
2025-09-09,27.31,26.57,27.31,26.40
2025-09-10,26.76,26.51,27.05,26.50
2025-09-11,27.70,27.59,27.88,26.70
2025-09-12,27.62,27.45,28.38,27.40
2025-09-15,27.28,27.09,27.45,26.90
2025-09-16,26.94,27.11,27.20,26.73
2025-09-17,27,26.93,27.19,26.81
2025-09-18,26.90,26.77,27.97,26.50
2025-09-19,26.85,27,27.46,26.81
2025-09-22,27.07,27.47,27.75,26.88
2025-09-23,27.58,26.55,27.59,26.06
2025-09-24,26.41,27.41,27.46,26.30
2025-09-25,27.38,27.71,28.05,27.28
2025-09-26,27.60,26.89,27.63,26.88
2025-09-29,26.88,27.12,27.25,26.66
2025-09-30,27.18,27.66,27.85,27.18
2025-10-09,27.67,28.08,28.28,27.42
2025-10-10,27.81,27.47,27.90,27.40
2025-10-13,26.85,28.63,29.20,26.81
2025-10-14,28.33,27.58,28.67,27.35
2025-10-15,27.43,27.94,28.47,26.90
2025-10-16,27.73,27.18,27.79,27
2025-10-17,27,25.73,27.11,25.71
2025-10-20,26.10,25.76,26.20,25.69
2025-10-21,25.87,27.20,27.50,25.73
2025-10-22,26.97,26.78,27.01,26.56
2025-10-23,26.75,27.20,27.34,26.40
2025-10-24,27.20,27.48,27.53,27.09
2025-10-27,27.58,27.45,27.69,27.18
2025-10-28,27.46,27.77,27.99,27.39
2025-10-29,27.78,27.76,27.95,27.55
2025-10-30,27.31,26.31,27.39,26.01
2025-10-31,26.35,26.88,27.34,26.15
2025-11-03,26.87,26.70,27.25,26.32
2025-11-04,26.60,25.97,26.66,25.70
2025-11-05,25.72,25.46,25.91,25.28
2025-11-06,25.58,25.31,25.67,25.21
2025-11-07,25.30,25.06,25.35,24.95
2025-11-10,25.40,25.52,25.94,25.38
2025-11-11,25.59,25.12,25.64,25.06
2025-11-12,25.12,24.64,25.14,24.32
2025-11-13,24.64,24.75,24.82,24.51
2025-11-14,24.60,24.42,24.79,24.42
2025-11-17,24.34,24.60,24.66,24.31
2025-11-18,24.51,24.90,25.06,24.36
2025-11-19,24.91,24.47,24.96,24.33
2025-11-20,24.60,24.35,24.66,24.10
2025-11-21,24.11,23.70,24.41,23.54
2025-11-24,23.80,24.45,24.57,23.53
2025-11-25,24.46,24.53,24.94,24.40
2025-11-26,24.41,24.24,24.74,24.21
2025-11-27,24.22,24.08,24.42,24.01
2025-11-28,24.08,24.39,24.42,24.07
2025-12-01,24.28,24.78,24.91,24.27
2025-12-02,24.80,24.25,24.80,24.20
2025-12-03,24.30,23.96,24.32,23.91
2025-12-04,23.92,23.73,24.04,23.64
2025-12-05,23.76,24.08,24.12,23.60
2025-12-08,24.10,24.29,24.45,24.08
2025-12-09,24.20,24.09,24.40,24.09
2025-12-10,23.99,24.19,24.24,23.77
2025-12-11,24.22,23.79,24.28,23.78
2025-12-12,23.78,23.52,23.95,23.42
2025-12-15,23.41,23.37,23.80,23.16
2025-12-16,23.37,23,23.40,22.88
2025-12-17,23.01,23.23,23.30,22.68
2025-12-18,23.03,23.61,23.72,23.01
2025-12-19,23.61,23.69,23.87,23.51
2025-12-22,23.61,23.88,24.04,23.60
2025-12-23,23.94,23.84,23.98,23.70
2025-12-24,23.80,24.03,24.14,23.75
2025-12-25,24.10,24.35,24.64,23.98
2025-12-26,24.20,24.47,24.70,24.19
2025-12-29,24.48,24.36,24.60,24.26
2025-12-30,24.28,24.30,24.49,24.27
2025-12-31,24.33,24.49,24.58,24.30
2026-01-05,24.61,24.81,24.89,24.40
2026-01-06,24.82,25.10,25.15,24.81
2026-01-07,25.10,24.57,25.10,24.57
2026-01-08,24.57,25.29,25.35,24.57
2026-01-09,25.11,25.60,25.67,25.11
2026-01-12,25.90,27.04,27.06,25.80
2026-01-13,27.26,26.15,27.26,26.01
2026-01-14,26.18,27.25,27.50,26.15
2026-01-15,27.24,26.86,27.61,26.66
2026-01-16,26.97,26.16,26.99,25.82
2026-01-19,25.97,25.54,26.10,25.46
2026-01-20,25.60,25.31,25.96,25.13
2026-01-21,25.20,25.34,25.88,25.10
2026-01-22,25.48,25.73,25.96,25.42
2026-01-23,25.70,25.71,25.85,25.53
2026-01-26,25.69,25.02,25.86,24.68
2026-01-27,25.03,25.09,25.37,24.39
2026-01-28,25.59,25.32,26.04,25.25
2026-01-29,25.18,25,25.75,24.43
2026-01-30,24.81,24.19,24.98,24.10
2026-02-02,21.79,21.94,22.95,21.78
2026-02-03,22.27,22.57,22.62,21.96
2026-02-04,22.45,22.30,22.45,22
2026-02-05,22.19,22.03,22.29,22
2026-02-06,21.85,21.85,22.18,21.64
2026-02-09,22.04,22.29,22.30,22.04
2026-02-10,22.31,22.63,22.83,22.21
2026-02-11,22.64,22.85,23.19,22.58
2026-02-12,22.97,23.16,23.28,22.75
2026-02-13,23.01,22.90,23.44,22.89
2026-02-24,23.17,22.42,23.20,22.30
2026-02-25,22.45,22.45,22.65,22.36
2026-02-26,22.55,22.27,22.56,22.14
2026-02-27,22.21,22.52,22.64,22.20
2026-03-02,22.15,21.77,22.27,21.61
2026-03-03,21.80,20.30,21.88,20.27
2026-03-04,20.24,20.02,20.55,19.92
2026-03-05,20.35,20.23,20.40,20.03
2026-03-06,20.12,20.40,20.41,20.05
2026-03-09,20.23,20.69,20.90,19.93
2026-03-10,20.91,20.79,21.35,20.60
2026-03-11,20.87,20.61,20.94,20.52
2026-03-12,20.61,20.37,20.78,20.30
2026-03-13,20.31,19.95,20.31,19.94
2026-03-16,20,20.11,20.13,19.74
2026-03-17,20.21,20.11,20.63,20.10
2026-03-18,20.16,20.35,20.41,20.02
2026-03-19,20.10,21.08,21.38,20
2026-03-20,21.05,20.38,21.12,20.35
2026-03-23,19.90,19,20,18.98
2026-03-24,19.32,19.36,19.40,18.91
2026-03-25,19.37,19.90,20.16,19.37
2026-03-26,19.84,20.01,20.53,19.72
2026-03-27,19.87,20.74,21.10,19.80
2026-03-30,20.50,20.77,21.01,20.10
2026-03-31,20.63,19.95,20.78,19.92
2026-04-01,20.29,20.01,20.33,19.96
2026-04-02,19.89,19.41,19.90,19.36
2026-04-03,19.67,19.12,19.69,19.06
2026-04-07,19.14,19.02,19.25,18.40
2026-04-08,19.33,20.09,20.10,19.33
2026-04-09,19.84,19.29,19.85,19.14
2026-04-10,19.46,19.39,19.66,19.38
2026-04-13,19.20,19.69,19.89,19.12
2026-04-14,19.96,19.83,20.16,19.67
2026-04-15,19.91,19.74,19.95,19.68
2026-04-16,19.76,21.01,21.05,19.76
2026-04-17,20.90,20.98,21.24,20.71
2026-04-20,20.86,20.71,21.07,20.53
2026-04-21,20.68,20.47,20.68,20.35
2026-04-22,20.38,20.53,20.64,20.35
2026-04-23,20.52,20.32,20.59,20
2026-04-24,20.14,20.10,20.27,19.80
2026-04-27,20,19.62,20.03,19.53
2026-04-28,19.46,18.70,19.56,18.43
2026-04-29,18.60,19.16,19.32,18.60
2026-04-30,17.24,17.24,17.78,17.24
2026-05-06,17.01,17.24,17.55,16.69
2026-05-07,17.25,17.41,17.56,17
2026-05-08,17.41,17.61,18.20,17.30
2026-05-11,17.68,17.37,17.90,17.25
2026-05-12,17.34,17.02,17.40,16.81
2026-05-13,17,17.30,17.48,16.64
2026-05-14,17.40,16.64,17.60,16.61
2026-05-15,16.62,16.23,16.69,15.93
2026-05-18,16.25,16.61,16.97,16.05
2026-05-19,16.63,17.17,17.23,16.52
2026-05-20,17.13,16.95,17.63,16.88
2026-05-21,16.99,16.18,17.12,16.17
2026-05-22,16.30,16.13,16.38,15.80
2026-05-25,16.14,16.09,16.36,15.89
2026-05-26,16.02,15.81,16.04,15.53
2026-05-27,15.75,15.72,16.20,15.41
2026-05-28,15.68,15.98,16.03,15.33
2026-05-29,16.09,15.37,16.20,15.31
2026-06-01,15.37,15.82,16.13,15.30
2026-06-02,15.85,15.81,15.95,15.38
2026-06-03,15.73,15.74,15.91,15.49
2026-06-04,15.63,15.76,15.97,15.51
2026-06-05,15.70,15.82,16.17,15.62
2026-06-08,15.57,15.25,15.82,15.11
2026-06-09,15.36,15.71,15.83,15.02
2026-06-10,15.54,15.82,15.90,15.48
2026-06-11,15.70,15.99,16.23,15.57
2026-06-12,16.01,15.92,16.20,15.75
2026-06-15,15.92,16.23,16.32,15.86
2026-06-16,16.11,17.03,17.27,16.08
2026-06-17,16.95,16.96,17.24,16.44
2026-06-18,17,17.04,17.43,16.90
2026-06-22,17.05,17.38,17.40,16.46
2026-06-23,17.21,16.73,17.37,16.68
2026-06-24,16.73,16.28,16.82,16.20
2026-06-25,16.35,15.83,16.67,15.67
2026-06-26,15.76,14.90,15.90,14.90
2026-06-29,14.80,13.87,14.94,13.86
2026-06-30,13.95,13.99,14.39,13.70
2026-07-01,13.95,14.13,14.42,13.86
2026-07-02,14,13.97,14.82,13.86
2026-07-03,13.99,13.78,14.14,13.76
2026-07-06,13.73,13.43,13.77,13.24
2026-07-07,13.36,13.72,13.84,13.02
2026-07-08,13.71,13.84,14.03,13.43
2026-07-09,13.80,13.96,14.04,13.43
2026-07-10,13.96,14.44,14.80,13.91
2026-07-13,14.33,13.82,14.66,13.76
2026-07-14,13.73,13.56,13.88,13.20
2026-07-15,13.25,13.50,13.90,13.17
2026-07-16,13.36,13.80,14.10,13.26
2026-07-17,13.80,13.33,14.09,13.05
2026-07-20,13.15,13.38,13.58,13.10
2026-07-21,13.28,13.87,13.90,13.16
2026-07-22,13.87,13.66,13.98,13.55
2026-07-23,13.62,13.58,13.69,13.41
2026-07-24,13.50,13.05,13.50,13.04
2026-07-27,13,13.37,13.44,12.82
2026-07-28,13.28,13.81,13.90,13.22
2026-07-29,13.79,13.93,14.03,13.56
2026-07-30,13.90,13.77,14.16,13.75
2026-07-31,13.82,14.75,15,13.82
2026-08-03,14.75,14.68,14.90,14.60
2026-08-04,14.81,14.95,15.02,14.74
2026-08-05,15.14,14.98,15.36,14.90
2026-08-06,14.80,14.76,15.19,14.64
2026-08-07,14.77,14.45,14.80,14.10
