date,code,name,strategy,buy_open,R0,R1,R2,R3,R5
2026-09-16,000055,方大集团,超级竞价,3.510,0.0883,0.0484,0.0684,0.0769,0.0855
2026-09-16,000670,盈方微,超级竞价,7.200,0.1056,0.0611,0.0931,0.0875,0.0500
2026-09-16,000720,新能泰山,超级竞价,3.790,0.1003,0.0501,0.0686,0.0739,-0.0369
2026-09-16,000753,漳州发展,超级竞价,5.000,0.1000,0.0340,0.0740,0.0520,-0.0280
2026-09-16,001209,洪兴股份,超级竞价,17.480,0.1001,0.1018,0.0601,0.1110,0.0915
2026-09-16,001326,联域股份,超级竞价,78.080,0.0938,0.1853,0.1904,0.2130,0.3704
2026-09-16,001378,德冠新材,超级竞价,20.490,0.1005,0.1162,0.1503,0.1703,0.1459
2026-09-16,002281,光迅科技,超级竞价,169.000,0.0959,0.1315,0.1562,0.1465,0.1243
2026-09-16,002303,美盈森,超级竞价,5.270,0.0987,0.0550,0.0816,0.1898,0.2713
2026-09-16,002730,电光科技,超级竞价,21.640,0.0998,0.1303,0.1137,0.0910,0.0545
2026-09-16,002780,三夫户外,超级竞价,12.890,0.0877,0.0334,0.0923,0.1559,0.1575
2026-09-16,002824,和胜股份,超级竞价,25.540,0.0998,0.1621,0.1108,0.1417,0.1171
2026-09-16,002903,宇环数控,超级竞价,26.160,0.1067,0.1762,0.1758,0.2041,0.1724
2026-09-16,002913,奥士康,超级竞价,77.150,0.0773,0.0648,0.0896,0.0953,0.1777
2026-09-16,600059,古越龙山,超级竞价,8.920,0.0953,0.1043,0.1996,0.2870,0.2702
2026-09-16,601208,东材科技,超级竞价,51.010,0.0627,0.0233,0.0037,0.0322,0.0763
2026-09-16,601218,吉鑫科技,一进二,5.700,-0.0842,0.0070,-0.0263,-0.0456,-0.1228
2026-09-16,603230,内蒙新华,超级竞价,10.090,0.1041,0.2141,0.3360,0.4698,0.6640
2026-09-16,603255,鼎际得,超级竞价,28.790,0.1115,0.1282,0.1407,0.1674,0.1292
2026-09-16,603276,恒兴新材,超级竞价,16.100,0.1093,0.0988,0.1149,0.1248,0.1391
2026-09-16,603956,威派格,超级竞价,6.350,0.1008,0.0756,0.1134,0.1370,0.1197
2026-09-16,605100,华丰股份,超级竞价,30.970,0.1004,0.0914,0.0917,0.1011,0.1256
2026-09-17,000504,南华生物,超级竞价,8.260,0.1017,0.2119,0.3329,0.4661,0.6622
2026-09-17,000981,山子高科,超级竞价,2.740,0.0985,0.0949,0.0766,0.0511,0.0000
2026-09-17,002285,世联行,紫霞牛,2.550,0.0314,0.1333,0.2471,0.2549,0.2784
2026-09-17,002321,华英农业,超级竞价,1.970,0.1066,0.0609,0.1675,0.1269,0.1523
2026-09-17,002339,积成电子,超级竞价,7.650,0.0758,0.0510,0.0444,0.0196,-0.0131
2026-09-17,600293,三峡新材,超级竞价,3.090,0.1003,0.0809,0.1230,0.0874,0.2233
2026-09-18,000002,万  科Ａ,超级竞价,3.030,0.0957,0.2046,0.2574,0.2937,0.2244
2026-09-18,000532,华金资本,超级竞价,11.840,0.0946,0.2044,0.1495,0.1402,0.0515
2026-09-18,000910,大亚圣象,超级竞价,5.210,0.0921,0.2015,0.3225,0.4549,0.3129
2026-09-18,001211,双枪科技,超级竞价,23.600,0.0966,0.1123,0.0843,0.1042,0.1564
2026-09-18,001317,三羊马,超级竞价,50.180,0.0863,0.1949,0.3145,0.1829,0.2814
2026-09-18,001376,百通能源,超级竞价,12.660,0.0000,0.1003,0.0205,-0.0190,-0.0047
2026-09-18,002134,天津普林,超级竞价,25.010,0.0836,0.0684,0.0776,0.0984,-0.0284
2026-09-18,002185,华天科技,超级竞价,16.770,0.0751,0.1061,0.0900,0.0954,0.0131
2026-09-18,002298,中电鑫龙,超级竞价,8.190,0.0989,0.1233,0.0952,0.0525,0.0513
2026-09-18,002300,太阳电缆,超级竞价,7.900,0.0975,0.1038,0.0519,0.0101,-0.0089
2026-09-18,002849,威星智能,超级竞价,18.580,0.0936,0.1136,0.1254,0.2379,0.1991
2026-09-18,003041,真爱美家,超级竞价,38.180,0.1006,0.1325,0.1514,0.1207,0.0131
2026-09-18,600261,阳光照明,超级竞价,3.180,0.1038,0.0912,0.0881,0.0535,0.0314
2026-09-18,600343,航天动力,超级竞价,19.850,0.0917,0.0599,0.0222,0.0010,0.0116
2026-09-18,600448,华纺股份,一进二,3.540,0.0000,0.0989,0.0113,-0.0791,-0.1328
2026-09-18,601133,柏诚股份,超级竞价,24.220,0.0714,0.0648,0.0293,0.0743,-0.0264
2026-09-18,603068,博通集成,超级竞价,36.650,0.0862,0.1948,0.3143,0.2516,0.2565
2026-09-18,603232,格尔软件,超级竞价,14.840,0.0991,0.0869,0.0930,0.1449,0.0755
2026-09-18,603375,盛景微,超级竞价,48.550,0.0647,0.1081,-0.0027,-0.0779,0.0008
2026-09-18,603402,陕西旅游,超级竞价,58.000,0.1067,0.1128,0.0793,0.0691,0.0259
2026-09-18,603686,福龙马,超级竞价,15.470,0.0000,-0.0162,-0.0446,-0.0866,-0.0724
2026-09-18,605188,国光连锁,超级竞价,11.750,0.1166,0.1336,0.1294,0.1038,0.0681
2026-09-21,000020,深华发Ａ,超级竞价,12.990,0.0978,0.0808,0.0462,0.0246,0.1278
2026-09-21,000402,金 融 街,超级竞价,2.510,0.1036,0.1076,0.0757,0.0478,0.0797
2026-09-21,000560,我爱我家,超级竞价,2.810,0.1352,0.2491,0.3737,0.3025,0.3381
2026-09-21,000607,华媒控股,一进二,4.530,0.0000,0.0993,-0.0110,-0.1104,-0.0883
2026-09-21,000607,华媒控股,超级竞价,4.530,0.0000,0.0993,-0.0110,-0.1104,-0.0883
2026-09-21,000756,新华制药,超级竞价,14.170,0.0353,0.1390,0.0254,-0.0176,-0.0134
2026-09-21,000829,天音控股,超级竞价,8.880,0.1002,0.0563,0.0203,0.0495,0.0304
2026-09-21,000910,大亚圣象,紫霞牛,6.000,0.0433,0.1483,0.2633,0.2667,0.0733
2026-09-21,000995,皇台酒业,超级竞价,10.840,0.0996,0.0830,0.0895,0.0554,0.0406
2026-09-21,001201,东瑞股份,超级竞价,14.880,0.0806,0.0954,0.0766,-0.0148,0.0565
2026-09-21,001234,泰慕士,超级竞价,24.100,0.1033,0.2137,0.3353,0.4689,0.1896
2026-09-21,001373,翔腾新材,超级竞价,29.630,0.0948,0.0503,0.0594,0.0901,0.0661
2026-09-21,002080,中材科技,超级竞价,59.010,0.1225,0.0591,0.0286,-0.0307,-0.0712
2026-09-21,002172,澳洋健康,超级竞价,5.690,0.0211,-0.0158,-0.0598,-0.0475,-0.0351
2026-09-21,002246,北化股份,超级竞价,23.800,0.1038,0.1483,0.0752,0.0924,0.0534
2026-09-21,002321,华英农业,超级竞价,2.090,0.1005,0.0622,-0.0144,0.0861,-0.0048
2026-09-21,002367,康力电梯,超级竞价,6.070,0.0346,-0.0033,0.0198,-0.0165,0.0165
2026-09-21,002614,奥佳华,超级竞价,6.200,0.0081,0.1097,0.2210,0.3435,0.3113
2026-09-21,002622,皓宸医疗,超级竞价,2.480,0.0968,0.0565,-0.0040,0.0968,0.0242
2026-09-21,002724,海洋王,超级竞价,7.210,0.0874,0.0485,-0.0055,0.0014,-0.0083
2026-09-21,002860,星帅尔,超级竞价,17.350,0.0599,0.0599,,,
2026-09-21,002869,金溢科技,超级竞价,15.430,0.1043,0.1277,0.0868,0.0894,0.1037
2026-09-21,002900,哈三联,超级竞价,11.880,0.0976,0.0993,0.0808,0.0614,0.0926
2026-09-21,600281,华阳新材,超级竞价,4.540,0.0969,0.0727,0.0419,0.0220,0.0374
2026-09-21,600301,华锡有色,超级竞价,49.970,0.0000,-0.0220,-0.0406,-0.0464,-0.0266
2026-09-21,600503,华丽家族,超级竞价,2.210,0.0995,0.2081,0.3303,0.1991,0.1176
2026-09-21,600587,新华医疗,超级竞价,12.330,0.0868,0.0900,0.0543,0.0503,0.0397
2026-09-21,600894,广日股份,超级竞价,7.490,0.0574,0.0254,0.0347,0.0374,0.0227
2026-09-21,600992,贵绳股份,超级竞价,9.760,0.0830,0.0533,0.0441,0.0523,0.0471
2026-09-21,603042,华脉科技,超级竞价,17.250,0.1032,0.0261,-0.0128,0.0858,-0.0406
2026-09-21,603093,南华期货,超级竞价,12.720,0.0998,0.0818,0.0692,0.0535,0.0464
2026-09-21,603175,超颖电子,超级竞价,99.150,0.1111,0.1405,0.1556,0.1134,0.1064
2026-09-21,603258,电魂网络,超级竞价,13.050,0.0874,0.1318,0.0766,0.0667,0.0874
2026-09-21,603289,泰瑞机器,超级竞价,9.550,0.1005,0.1571,0.1686,0.1382,0.1895
2026-09-21,603319,美湖股份,超级竞价,29.680,0.0842,0.0701,0.0512,0.0394,-0.0431
2026-09-21,603663,三祥新材,超级竞价,47.070,0.0584,0.0232,-0.0015,0.0240,-0.0597
2026-09-21,603819,神力股份,超级竞价,15.900,0.0899,0.0428,0.0107,0.0541,0.0403
2026-09-22,000066,中国长城,一进二,16.320,-0.0276,-0.0723,-0.0931,-0.1324,-0.1360
2026-09-22,000595,新能股份,超级竞价,5.340,0.0955,0.0506,0.0281,0.0187,0.0318
2026-09-22,001260,坤泰股份,超级竞价,18.560,0.0927,0.0388,0.0366,0.0339,0.0345
2026-09-22,002178,延华智能,紫霞牛,5.250,0.0648,-0.0286,-0.0343,-0.0667,-0.0762
2026-09-22,002238,天威视讯,超级竞价,6.350,0.0961,0.2063,0.3276,0.1953,0.1150
2026-09-22,002313,日海智能,超级竞价,8.480,0.0967,0.0979,0.0590,0.0177,0.0330
2026-09-22,002467,二六三,超级竞价,4.650,0.0946,0.0452,0.0366,0.0731,0.0495
2026-09-22,002564,天沃科技,超级竞价,5.000,0.0900,0.0980,0.0560,0.0200,
2026-09-22,002672,东江环保,超级竞价,3.670,0.0981,0.0599,0.0109,0.0000,0.0082
2026-09-22,002912,中新赛克,超级竞价,23.930,0.1024,0.0618,0.0054,0.1061,0.1116
2026-09-22,600403,大有能源,超级竞价,6.850,0.1095,0.0569,0.0496,0.0672,0.0248
2026-09-22,600418,江淮汽车,超级竞价,19.380,0.1001,0.2100,0.1832,0.3013,0.4174
2026-09-22,600479,千金药业,超级竞价,12.130,0.1187,0.0874,0.0223,0.0033,0.0223
2026-09-22,603221,爱丽家居,超级竞价,30.720,0.0921,0.0641,0.0026,-0.0977,-0.1829
2026-09-22,603893,瑞芯微,超级竞价,203.900,0.0682,0.0937,0.0743,0.0362,0.0572
2026-09-22,603903,中持股份,超级竞价,13.870,0.1009,0.0901,0.0793,0.0029,-0.0123
2026-09-22,605178,时空科技,超级竞价,68.920,0.0852,0.0723,0.0120,-0.0641,-0.0801
2026-09-22,605179,一鸣食品,超级竞价,27.030,0.1114,0.0022,-0.0980,-0.1336,-0.1284
2026-09-23,000850,华茂股份,超级竞价,4.210,0.1045,0.2162,0.2209,0.0998,-0.0428
2026-09-23,002119,康强电子,超级竞价,24.870,0.0824,0.1906,0.1946,0.1367,0.0080
2026-09-23,002541,鸿路钢构,超级竞价,17.920,0.0988,0.0190,0.0190,0.0290,
2026-09-23,002635,安洁科技,超级竞价,15.290,0.0981,0.0340,-0.0373,-0.0347,-0.0582
2026-09-23,002638,勤上股份,超级竞价,4.310,0.0998,0.1439,0.1299,0.1485,0.1276
2026-09-23,002935,天奥电子,超级竞价,16.000,0.0950,0.1300,0.1413,0.1319,
2026-09-23,002989,中天精装,超级竞价,25.510,0.0960,0.0125,-0.0435,-0.0749,
2026-09-23,600605,汇通能源,超级竞价,28.930,0.0926,0.0456,0.0290,0.0232,
2026-09-23,600653,申华控股,超级竞价,1.700,0.1000,0.0353,-0.0118,0.0059,
2026-09-23,603124,江南新材,超级竞价,131.910,0.0992,-0.0007,-0.1006,-0.0888,
2026-09-23,603222,济民健康,超级竞价,8.080,0.1064,0.0235,-0.0087,-0.0198,-0.0037
2026-09-23,603328,依顿电子,超级竞价,13.820,0.0999,0.0318,-0.0499,0.0449,-0.0195
2026-09-23,603396,金辰股份,超级竞价,29.450,0.1002,0.2102,0.3311,0.1980,0.0835
2026-09-23,603803,瑞斯康达,超级竞价,11.670,0.1028,0.0574,-0.0480,-0.0240,-0.0660
2026-09-23,603937,丽岛新材,超级竞价,11.830,0.0964,0.1454,0.1234,0.0879,0.1124
2026-09-23,603949,雪龙集团,超级竞价,13.910,0.1042,0.2150,0.3364,0.4702,0.1912
2026-09-23,603991,领先股份,超级竞价,169.510,0.0947,0.0376,0.0147,-0.0018,-0.0327
2026-09-24,000498,山东路桥,一进二,5.650,0.0000,0.0195,-0.0071,0.0389,
2026-09-24,000498,山东路桥,超级竞价,5.650,0.0000,0.0195,-0.0071,0.0389,
2026-09-24,000678,襄阳轴承,超级竞价,8.770,0.1038,0.2144,0.3364,0.4698,
2026-09-24,000710,贝瑞基因,超级竞价,9.810,0.1223,0.0479,0.0071,0.1081,
2026-09-24,000790,华神科技,超级竞价,4.230,0.1064,0.0449,0.0496,0.0449,
2026-09-24,000905,厦门港务,超级竞价,8.960,0.0949,0.0513,0.0234,0.0212,
2026-09-24,002164,宁波东力,超级竞价,12.210,0.0696,0.0082,-0.0131,0.0860,
2026-09-24,002205,国统股份,超级竞价,11.330,0.1280,0.0238,0.1262,0.0733,
2026-09-24,002622,皓宸医疗,超级竞价,2.500,0.0880,0.0200,0.0160,0.0120,
2026-09-24,002679,福建金森,超级竞价,10.470,0.1060,0.1328,0.0783,0.1127,
2026-09-24,600189,泉阳泉,超级竞价,8.350,0.0898,-0.0192,0.0790,0.0719,
2026-09-24,600792,云煤能源,超级竞价,5.100,0.1176,0.0784,0.0373,,
2026-09-24,603065,宿迁联盛,超级竞价,15.100,0.0775,0.0013,-0.0179,-0.0576,
2026-09-24,603278,大业股份,超级竞价,8.910,0.0999,0.2099,0.1852,0.1526,
2026-09-24,603500,祥和实业,超级竞价,9.600,0.0854,0.0406,0.0875,0.0469,
2026-09-24,603767,中马传动,超级竞价,13.400,0.1000,0.1201,0.1455,0.1067,
2026-09-24,603970,中农立华,超级竞价,11.150,0.0915,0.0637,0.0529,0.0619,
2026-09-24,605018,长华集团,超级竞价,11.450,0.1127,0.0550,0.0332,0.0183,
2026-09-28,000790,华神科技,一进二,5.150,-0.1417,-0.1379,-0.1417,-0.1476,
2026-09-28,001330,博纳影业,一进二,6.360,0.0000,0.0425,0.0346,-0.0031,
2026-09-28,001330,博纳影业,超级竞价,6.360,0.0000,0.0425,0.0346,-0.0031,
2026-09-28,001368,通达创智,超级竞价,38.150,0.0957,-0.0139,-0.0341,-0.0260,
2026-09-28,002480,新筑股份,超级竞价,5.100,0.1078,0.0843,,,
2026-09-28,002640,跨境通,紫霞牛,3.800,0.0421,0.0368,0.0289,0.0026,
2026-09-28,002962,五方光电,超级竞价,13.680,0.0789,0.0746,,,
2026-09-28,600540,新赛股份,一进二,5.970,-0.0553,-0.0503,-0.0754,-0.0888,
2026-09-28,601579,会稽山,超级竞价,40.460,0.0341,-0.0692,-0.0781,-0.0213,
2026-09-28,603968,醋化股份,超级竞价,10.650,0.0920,0.0469,0.0798,0.1549,
2026-09-28,605366,宏柏新材,超级竞价,9.150,0.1082,0.0656,0.1377,0.2066,
2026-09-29,000002,万  科Ａ,超级竞价,3.780,0.0794,0.1270,0.0741,,
2026-09-29,000068,华控赛格,超级竞价,3.200,0.1062,0.0656,0.0625,,
2026-09-29,002058,紫竹高科,超级竞价,17.080,0.0749,0.1827,0.3009,,
2026-09-29,002074,国轩高科,超级竞价,27.500,0.0429,0.0727,,,
2026-09-29,002244,滨江集团,超级竞价,8.730,0.0836,0.1615,0.1695,,
2026-09-29,002494,华斯股份,超级竞价,4.810,0.1060,,,,
2026-09-29,002882,金龙羽,超级竞价,22.550,0.0869,0.1078,0.1951,,
2026-09-29,600657,信达地产,超级竞价,3.180,0.0629,,,,
2026-09-29,601238,广汽集团,超级竞价,5.600,0.0000,0.0429,-0.0429,,
2026-09-29,601519,大智慧,超级竞价,8.180,0.1015,0.0575,0.0196,,
2026-09-29,603188,亚邦股份,超级竞价,4.480,0.0960,0.2054,0.1250,,
2026-09-29,605303,园林股份,超级竞价,26.050,0.0000,0.1002,0.2104,,
2026-09-29,605388,均瑶健康,超级竞价,6.090,0.1034,0.2135,0.1379,,
2026-09-30,001206,依依股份,超级竞价,18.310,0.0169,0.0448,,,
2026-09-30,001266,宏英智能,超级竞价,36.350,0.0993,0.1450,,,
2026-09-30,001318,阳光乳业,超级竞价,11.880,0.0976,0.0800,,,
2026-09-30,002041,登海种业,超级竞价,9.390,0.0895,0.0788,,,
2026-09-30,002188,中天服务,超级竞价,5.820,0.0997,0.0258,,,
2026-09-30,002226,江南化工,超级竞价,4.880,0.0943,0.0840,,,
2026-09-30,002316,亚联发展,超级竞价,4.530,0.0927,0.0993,,,
2026-09-30,002755,奥赛康,超级竞价,12.310,0.1007,0.0739,,,
2026-09-30,600356,恒丰纸业,超级竞价,10.840,0.0572,-0.0037,,,
2026-09-30,600592,龙溪股份,超级竞价,14.780,0.0961,,,,
2026-09-30,600663,陆家嘴,超级竞价,9.290,0.0883,,,,
2026-09-30,601238,广汽集团,一进二,6.160,-0.0519,-0.1299,,,
2026-09-30,603127,昭衍新药,超级竞价,44.700,0.1029,,,,
2026-09-30,603185,弘元绿能,超级竞价,13.970,0.0845,0.0644,,,
2026-09-30,603538,美诺华,超级竞价,26.510,0.0785,0.1113,,,
2026-09-30,603739,蔚蓝生物,超级竞价,12.870,0.0909,0.0653,,,
2026-09-30,603919,金徽酒,超级竞价,15.820,0.0999,0.0657,,,
2026-09-30,603928,兴业股份,超级竞价,11.880,0.1002,0.2104,,,
2026-09-30,603948,建业股份,超级竞价,19.450,0.0982,0.0689,,,
2026-09-30,605011,杭州热电,超级竞价,17.470,0.0996,0.0939,,,
2026-10-08,000869,张  裕Ａ,超级竞价,16.880,0.1114,,,,
2026-10-08,001300,三柏硕,超级竞价,12.380,0.0913,,,,
2026-10-08,001336,楚环科技,超级竞价,18.800,0.0984,,,,
2026-10-08,002687,乔治白,超级竞价,5.930,0.0354,,,,
2026-10-08,002702,海欣食品,超级竞价,5.410,0.0943,,,,
2026-10-08,002733,雄韬股份,超级竞价,17.360,0.0881,,,,
2026-10-08,002805,丰元股份,超级竞价,16.350,0.0807,,,,
2026-10-08,002869,金溢科技,超级竞价,17.480,0.0950,,,,
2026-10-08,002923,润都股份,超级竞价,12.130,0.0000,,,,
2026-10-08,600310,广西能源,超级竞价,4.540,0.0947,,,,
2026-10-08,600400,红豆股份,超级竞价,3.320,0.0904,,,,
2026-10-08,601956,东贝集团,超级竞价,5.020,0.0996,,,,
2026-10-08,601975,招商南油,超级竞价,4.700,0.0574,,,,
2026-10-08,603073,彩蝶实业,超级竞价,20.880,0.1001,,,,
2026-10-08,603863,松炀资源,超级竞价,12.000,0.1350,,,,
