entry_date,pool,code,last_seen,times_seen
2026-09-23,一统天下,sh600089,2026-09-24,3
2026-09-23,一统天下,sh600096,2026-09-24,3
2026-09-23,一统天下,sh600111,2026-09-24,3
2026-09-23,一统天下,sh600116,2026-09-24,3
2026-09-23,一统天下,sh600117,2026-09-24,3
2026-09-23,一统天下,sh600118,2026-09-24,3
2026-09-23,一统天下,sh600125,2026-09-24,3
2026-09-23,一统天下,sh600126,2026-09-24,3
2026-09-23,一统天下,sh600129,2026-09-24,3
2026-09-23,一统天下,sh600131,2026-09-24,3
2026-09-23,一统天下,sh600132,2026-09-24,3
2026-09-23,一统天下,sh600133,2026-09-24,3
2026-09-23,一统天下,sh600141,2026-09-24,3
2026-09-23,一统天下,sh600143,2026-09-24,3
2026-09-23,一统天下,sh600151,2026-09-24,3
2026-09-23,一统天下,sh600157,2026-09-24,3
2026-09-23,一统天下,sh600160,2026-09-24,3
2026-09-23,一统天下,sh600182,2026-09-24,3
2026-09-23,一统天下,sh600188,2026-09-24,3
2026-09-23,一统天下,sh600196,2026-09-24,3
2026-09-23,一统天下,sh600197,2026-09-24,3
2026-09-23,一统天下,sh600199,2026-09-24,3
2026-09-23,一统天下,sh600201,2026-09-24,3
2026-09-23,一统天下,sh600208,2026-09-24,3
2026-09-23,一统天下,sh600211,2026-09-24,3
2026-09-23,一统天下,sh600221,2026-09-24,3
2026-09-23,一统天下,sh600230,2026-09-24,3
2026-09-23,一统天下,sh600236,2026-09-24,3
2026-09-23,一统天下,sh600258,2026-09-24,3
2026-09-23,一统天下,sh600267,2026-09-24,3
2026-09-23,一统天下,sh600268,2026-09-24,3
2026-09-23,一统天下,sh600273,2026-09-24,3
2026-09-23,一统天下,sh600276,2026-09-24,3
2026-09-23,一统天下,sh600282,2026-09-24,3
2026-09-23,一统天下,sh600285,2026-09-24,3
2026-09-23,一统天下,sh600288,2026-09-24,3
2026-09-23,一统天下,sh600292,2026-09-24,3
2026-09-23,一统天下,sh600298,2026-09-24,3
2026-09-23,一统天下,sh600323,2026-09-24,3
2026-09-23,一统天下,sh600326,2026-09-24,3
2026-09-23,一统天下,sh600328,2026-09-24,3
2026-09-23,一统天下,sh600329,2026-09-24,3
2026-09-23,一统天下,sh600332,2026-09-24,3
2026-09-23,一统天下,sh600352,2026-09-24,3
2026-09-23,一统天下,sh600380,2026-09-24,3
2026-09-23,一统天下,sh600396,2026-09-24,3
2026-09-23,一统天下,sh600398,2026-09-24,3
2026-09-23,一统天下,sh600406,2026-09-24,3
2026-09-23,一统天下,sh600418,2026-09-24,3
2026-09-23,一统天下,sh600420,2026-09-24,3
2026-09-23,一统天下,sh600422,2026-09-24,3
2026-09-23,一统天下,sh600436,2026-09-24,3
2026-09-23,一统天下,sh600438,2026-09-24,3
2026-09-23,一统天下,sh600456,2026-09-24,3
2026-09-23,一统天下,sh600478,2026-09-24,3
2026-09-23,一统天下,sh600480,2026-09-24,3
2026-09-23,一统天下,sh600489,2026-09-24,3
2026-09-23,一统天下,sh600499,2026-09-24,3
2026-09-23,一统天下,sh600502,2026-09-24,3
2026-09-23,一统天下,sh600507,2026-09-24,3
2026-09-23,一统天下,sh600511,2026-09-24,3
2026-09-23,一统天下,sh600513,2026-09-24,3
2026-09-23,一统天下,sh600519,2026-09-24,3
2026-09-23,一统天下,sh600525,2026-09-24,3
2026-09-23,一统天下,sh600528,2026-09-24,3
2026-09-23,一统天下,sh600535,2026-09-24,3
2026-09-23,一统天下,sh600538,2026-09-24,3
2026-09-23,一统天下,sh600548,2026-09-24,3
2026-09-23,一统天下,sh600550,2026-09-24,3
2026-09-23,一统天下,sh600559,2026-09-24,3
2026-09-23,一统天下,sh600570,2026-09-24,3
2026-09-23,一统天下,sh600575,2026-09-24,3
2026-09-23,一统天下,sh600578,2026-09-24,3
2026-09-23,一统天下,sh600580,2026-09-24,3
2026-09-23,一统天下,sh600586,2026-09-24,3
2026-09-23,一统天下,sh600587,2026-09-24,3
2026-09-23,一统天下,sh600588,2026-09-24,3
2026-09-23,一统天下,sh600595,2026-09-24,3
2026-09-23,一统天下,sh600600,2026-09-24,3
2026-09-23,一统天下,sh600602,2026-09-24,3
2026-09-23,一统天下,sh600612,2026-09-24,3
2026-09-23,一统天下,sh600619,2026-09-24,3
2026-09-23,一统天下,sh600645,2026-09-24,3
2026-09-23,一统天下,sh600651,2026-09-24,3
2026-09-23,一统天下,sh600660,2026-09-24,3
2026-09-23,一统天下,sh600668,2026-09-24,3
2026-09-23,一统天下,sh600683,2026-09-24,3
2026-09-23,一统天下,sh600702,2026-09-24,3
2026-09-23,一统天下,sh600718,2026-09-24,3
2026-09-23,一统天下,sh600726,2026-09-24,3
2026-09-23,一统天下,sh600729,2026-09-24,3
2026-09-23,一统天下,sh600732,2026-09-24,3
2026-09-23,一统天下,sh600733,2026-09-24,3
2026-09-23,一统天下,sh600741,2026-09-24,3
2026-09-23,一统天下,sh600750,2026-09-24,3
2026-09-23,一统天下,sh600751,2026-09-24,3
2026-09-23,一统天下,sh600756,2026-09-24,3
2026-09-23,一统天下,sh600761,2026-09-24,3
2026-09-23,一统天下,sh600763,2026-09-24,3
2026-09-23,一统天下,sh600779,2026-09-24,3
2026-09-23,一统天下,sh600782,2026-09-24,3
2026-09-23,一统天下,sh600783,2026-09-24,3
2026-09-23,一统天下,sh600784,2026-09-24,3
2026-09-23,一统天下,sh600809,2026-09-24,3
2026-09-23,一统天下,sh600816,2026-09-24,3
2026-09-23,一统天下,sh600829,2026-09-24,3
2026-09-23,一统天下,sh600844,2026-09-24,3
2026-09-23,一统天下,sh600845,2026-09-24,3
2026-09-23,一统天下,sh600846,2026-09-24,3
2026-09-23,一统天下,sh600850,2026-09-24,3
2026-09-23,一统天下,sh600860,2026-09-24,3
2026-09-23,一统天下,sh600867,2026-09-24,3
2026-09-23,一统天下,sh600872,2026-09-24,3
2026-09-23,一统天下,sh600875,2026-09-24,3
2026-09-23,一统天下,sh600884,2026-09-24,3
2026-09-23,一统天下,sh600895,2026-09-24,3
2026-09-23,一统天下,sh600905,2026-09-24,3
2026-09-23,一统天下,sh600916,2026-09-24,3
2026-09-23,一统天下,sh600925,2026-09-24,3
2026-09-23,一统天下,sh600927,2026-09-24,3
2026-09-23,一统天下,sh600936,2026-09-24,3
2026-09-23,一统天下,sh600976,2026-09-24,3
2026-09-23,一统天下,sh600984,2026-09-24,3
2026-09-23,一统天下,sh600995,2026-09-24,3
2026-09-23,一统天下,sh601000,2026-09-24,3
2026-09-23,一统天下,sh601012,2026-09-24,3
2026-09-23,一统天下,sh601021,2026-09-24,3
2026-09-23,一统天下,sh601026,2026-09-24,3
2026-09-23,一统天下,sh601066,2026-09-24,3
2026-09-23,一统天下,sh601069,2026-09-24,3
2026-09-23,一统天下,sh601089,2026-09-24,3
2026-09-23,一统天下,sh601117,2026-09-24,3
2026-09-23,一统天下,sh601126,2026-09-24,3
2026-09-23,一统天下,sh601158,2026-09-24,3
2026-09-23,一统天下,sh601179,2026-09-24,3
2026-09-23,一统天下,sh601187,2026-09-24,3
2026-09-23,一统天下,sh601369,2026-09-24,3
2026-09-23,一统天下,sh601388,2026-09-24,3
2026-09-23,一统天下,sh601456,2026-09-24,3
2026-09-23,一统天下,sh601611,2026-09-24,3
2026-09-23,一统天下,sh601619,2026-09-24,3
2026-09-23,一统天下,sh601633,2026-09-24,3
2026-09-23,一统天下,sh601668,2026-09-24,3
2026-09-23,一统天下,sh601678,2026-09-24,3
2026-09-23,一统天下,sh601699,2026-09-24,3
2026-09-23,一统天下,sh601700,2026-09-24,3
2026-09-23,一统天下,sh601727,2026-09-24,3
2026-09-23,一统天下,sh601777,2026-09-24,3
2026-09-23,一统天下,sh601789,2026-09-24,3
2026-09-23,一统天下,sh601799,2026-09-24,3
2026-09-23,一统天下,sh601816,2026-09-24,3
2026-09-23,一统天下,sh601827,2026-09-24,3
2026-09-23,一统天下,sh601858,2026-09-24,3
2026-09-23,一统天下,sh601865,2026-09-24,3
2026-09-23,一统天下,sh601878,2026-09-24,3
2026-09-23,一统天下,sh601888,2026-09-24,3
2026-09-23,一统天下,sh601928,2026-09-24,3
2026-09-23,一统天下,sh601958,2026-09-24,3
2026-09-23,一统天下,sh601965,2026-09-24,3
2026-09-23,一统天下,sh601966,2026-09-24,3
2026-09-23,一统天下,sh601991,2026-09-24,3
2026-09-23,一统天下,sh601995,2026-09-24,3
2026-09-23,一统天下,sh603013,2026-09-24,3
2026-09-23,一统天下,sh603014,2026-09-24,3
2026-09-23,一统天下,sh603026,2026-09-24,3
2026-09-23,一统天下,sh603035,2026-09-24,3
2026-09-23,一统天下,sh603039,2026-09-24,3
2026-09-23,一统天下,sh603049,2026-09-24,3
2026-09-23,一统天下,sh603057,2026-09-24,3
2026-09-23,一统天下,sh603062,2026-09-24,3
2026-09-23,一统天下,sh603076,2026-09-24,3
2026-09-23,一统天下,sh603091,2026-09-24,3
2026-09-23,一统天下,sh603097,2026-09-24,3
2026-09-23,一统天下,sh603102,2026-09-24,3
2026-09-23,一统天下,sh603108,2026-09-24,3
2026-09-23,一统天下,sh603130,2026-09-24,3
2026-09-23,一统天下,sh603131,2026-09-24,3
2026-09-23,一统天下,sh603137,2026-09-24,3
2026-09-23,一统天下,sh603167,2026-09-24,3
2026-09-23,一统天下,sh603169,2026-09-24,3
2026-09-23,一统天下,sh603170,2026-09-24,3
2026-09-23,一统天下,sh603171,2026-09-24,3
2026-09-23,一统天下,sh603185,2026-09-24,3
2026-09-23,一统天下,sh603187,2026-09-24,3
2026-09-23,一统天下,sh603191,2026-09-24,3
2026-09-23,一统天下,sh603195,2026-09-24,3
2026-09-23,一统天下,sh603201,2026-09-24,3
2026-09-23,一统天下,sh603211,2026-09-24,3
2026-09-23,一统天下,sh603219,2026-09-24,3
2026-09-23,一统天下,sh603223,2026-09-24,3
2026-09-23,一统天下,sh603225,2026-09-24,3
2026-09-23,一统天下,sh603271,2026-09-24,3
2026-09-23,一统天下,sh603279,2026-09-24,3
2026-09-23,一统天下,sh603281,2026-09-24,3
2026-09-23,一统天下,sh603299,2026-09-24,3
2026-09-23,一统天下,sh603300,2026-09-24,3
2026-09-23,一统天下,sh603309,2026-09-24,3
2026-09-23,一统天下,sh603311,2026-09-24,3
2026-09-23,一统天下,sh603315,2026-09-24,3
2026-09-23,一统天下,sh603317,2026-09-24,3
2026-09-23,一统天下,sh603327,2026-09-24,3
2026-09-23,一统天下,sh603334,2026-09-24,3
2026-09-23,一统天下,sh603337,2026-09-24,3
2026-09-23,一统天下,sh603341,2026-09-24,3
2026-09-23,一统天下,sh603345,2026-09-24,3
2026-09-23,一统天下,sh603365,2026-09-24,3
2026-09-23,一统天下,sh603368,2026-09-24,3
2026-09-23,一统天下,sh603370,2026-09-24,3
2026-09-23,一统天下,sh603379,2026-09-24,3
2026-09-23,一统天下,sh603382,2026-09-24,3
2026-09-23,一统天下,sh603392,2026-09-24,3
2026-09-23,一统天下,sh603402,2026-09-24,3
2026-09-23,一统天下,sh603444,2026-09-24,3
2026-09-23,一统天下,sh603486,2026-09-24,3
2026-09-23,一统天下,sh603515,2026-09-24,3
2026-09-23,一统天下,sh603538,2026-09-24,3
2026-09-23,一统天下,sh603556,2026-09-24,3
2026-09-23,一统天下,sh603567,2026-09-24,3
2026-09-23,一统天下,sh603568,2026-09-24,3
2026-09-23,一统天下,sh603579,2026-09-24,3
2026-09-23,一统天下,sh603589,2026-09-24,3
2026-09-23,一统天下,sh603590,2026-09-24,3
2026-09-23,一统天下,sh603605,2026-09-24,3
2026-09-23,一统天下,sh603611,2026-09-24,3
2026-09-23,一统天下,sh603636,2026-09-24,3
2026-09-23,一统天下,sh603660,2026-09-24,3
2026-09-23,一统天下,sh603682,2026-09-24,3
2026-09-23,一统天下,sh603699,2026-09-24,3
2026-09-23,一统天下,sh603706,2026-09-24,3
2026-09-23,一统天下,sh603707,2026-09-24,3
2026-09-23,一统天下,sh603719,2026-09-24,3
2026-09-23,一统天下,sh603737,2026-09-24,3
2026-09-23,一统天下,sh603767,2026-09-24,3
2026-09-23,一统天下,sh603786,2026-09-24,3
2026-09-23,一统天下,sh603799,2026-09-24,3
2026-09-23,一统天下,sh603801,2026-09-24,3
2026-09-23,一统天下,sh603806,2026-09-24,3
2026-09-23,一统天下,sh603811,2026-09-24,3
2026-09-23,一统天下,sh603813,2026-09-24,3
2026-09-23,一统天下,sh603816,2026-09-24,3
2026-09-23,一统天下,sh603823,2026-09-24,3
2026-09-23,一统天下,sh603833,2026-09-24,3
2026-09-23,一统天下,sh603861,2026-09-24,3
2026-09-23,一统天下,sh603876,2026-09-24,3
2026-09-23,一统天下,sh603877,2026-09-24,3
2026-09-23,一统天下,sh603881,2026-09-24,3
2026-09-23,一统天下,sh603887,2026-09-24,3
2026-09-23,一统天下,sh603939,2026-09-24,3
2026-09-23,一统天下,sh603988,2026-09-24,3
2026-09-23,一统天下,sh603993,2026-09-24,3
2026-09-23,一统天下,sh605028,2026-09-24,3
2026-09-23,一统天下,sh605090,2026-09-24,3
2026-09-23,一统天下,sh605099,2026-09-24,3
2026-09-23,一统天下,sh605128,2026-09-24,3
2026-09-23,一统天下,sh605133,2026-09-24,3
2026-09-23,一统天下,sh605255,2026-09-24,3
2026-09-23,一统天下,sh605266,2026-09-24,3
2026-09-23,一统天下,sh605286,2026-09-24,3
2026-09-23,一统天下,sh605305,2026-09-24,3
2026-09-23,一统天下,sh605333,2026-09-24,3
2026-09-23,一统天下,sh605337,2026-09-24,3
2026-09-23,一统天下,sh605338,2026-09-24,3
2026-09-23,一统天下,sh605339,2026-09-24,3
2026-09-23,一统天下,sh605389,2026-09-24,3
2026-09-23,一统天下,sh605499,2026-09-24,3
2026-09-23,一统天下,sh605598,2026-09-24,3
2026-09-23,一统天下,sh605599,2026-09-24,3
2026-09-23,一统天下,sz000009,2026-09-24,3
2026-09-23,一统天下,sz000025,2026-09-24,3
2026-09-23,一统天下,sz000030,2026-09-24,3
2026-09-23,一统天下,sz000063,2026-09-24,3
2026-09-23,一统天下,sz000099,2026-09-24,3
2026-09-23,一统天下,sz000157,2026-09-24,3
2026-09-23,一统天下,sz000400,2026-09-24,3
2026-09-23,一统天下,sz000403,2026-09-24,3
2026-09-23,一统天下,sz000404,2026-09-24,3
2026-09-23,一统天下,sz000408,2026-09-24,3
2026-09-23,一统天下,sz000415,2026-09-24,3
2026-09-23,一统天下,sz000422,2026-09-24,3
2026-09-23,一统天下,sz000423,2026-09-24,3
2026-09-23,一统天下,sz000425,2026-09-24,3
2026-09-23,一统天下,sz000426,2026-09-24,3
2026-09-23,一统天下,sz000521,2026-09-24,3
2026-09-23,一统天下,sz000528,2026-09-24,3
2026-09-23,一统天下,sz000537,2026-09-24,3
2026-09-23,一统天下,sz000539,2026-09-24,3
2026-09-23,一统天下,sz000543,2026-09-24,3
2026-09-23,一统天下,sz000551,2026-09-24,3
2026-09-23,一统天下,sz000566,2026-09-24,3
2026-09-23,一统天下,sz000568,2026-09-24,3
2026-09-23,一统天下,sz000582,2026-09-24,3
2026-09-23,一统天下,sz000595,2026-09-24,3
2026-09-23,一统天下,sz000599,2026-09-24,3
2026-09-23,一统天下,sz000600,2026-09-24,3
2026-09-23,一统天下,sz000608,2026-09-24,3
2026-09-23,一统天下,sz000629,2026-09-24,3
2026-09-23,一统天下,sz000630,2026-09-24,3
2026-09-23,一统天下,sz000650,2026-09-24,3
2026-09-23,一统天下,sz000661,2026-09-24,3
2026-09-23,一统天下,sz000668,2026-09-24,3
2026-09-23,一统天下,sz000680,2026-09-24,3
2026-09-23,一统天下,sz000682,2026-09-24,3
2026-09-23,一统天下,sz000683,2026-09-24,3
2026-09-23,一统天下,sz000688,2026-09-24,3
2026-09-23,一统天下,sz000691,2026-09-24,3
2026-09-23,一统天下,sz000695,2026-09-24,3
2026-09-23,一统天下,sz000708,2026-09-24,3
2026-09-23,一统天下,sz000710,2026-09-24,3
2026-09-23,一统天下,sz000711,2026-09-24,3
2026-09-23,一统天下,sz000729,2026-09-24,3
2026-09-23,一统天下,sz000756,2026-09-24,3
2026-09-23,一统天下,sz000767,2026-09-24,3
2026-09-23,一统天下,sz000777,2026-09-24,3
2026-09-23,一统天下,sz000779,2026-09-24,3
2026-09-23,一统天下,sz000786,2026-09-24,3
2026-09-23,一统天下,sz000792,2026-09-24,3
2026-09-23,一统天下,sz000795,2026-09-24,3
2026-09-23,一统天下,sz000802,2026-09-24,3
2026-09-23,一统天下,sz000833,2026-09-24,3
2026-09-23,一统天下,sz000837,2026-09-24,3
2026-09-23,一统天下,sz000848,2026-09-24,3
2026-09-23,一统天下,sz000858,2026-09-24,3
2026-09-23,一统天下,sz000875,2026-09-24,3
2026-09-23,一统天下,sz000883,2026-09-24,3
2026-09-23,一统天下,sz000885,2026-09-24,3
2026-09-23,一统天下,sz000893,2026-09-24,3
2026-09-23,一统天下,sz000895,2026-09-24,3
2026-09-23,一统天下,sz000899,2026-09-24,3
2026-09-23,一统天下,sz000908,2026-09-24,3
2026-09-23,一统天下,sz000913,2026-09-24,3
2026-09-23,一统天下,sz000937,2026-09-24,3
2026-09-23,一统天下,sz000948,2026-09-24,3
2026-09-23,一统天下,sz000950,2026-09-24,3
2026-09-23,一统天下,sz000958,2026-09-24,3
2026-09-23,一统天下,sz000963,2026-09-24,3
2026-09-23,一统天下,sz000970,2026-09-24,3
2026-09-23,一统天下,sz000973,2026-09-24,3
2026-09-23,一统天下,sz000975,2026-09-24,3
2026-09-23,一统天下,sz000983,2026-09-24,3
2026-09-23,一统天下,sz001203,2026-09-24,3
2026-09-23,一统天下,sz001221,2026-09-24,3
2026-09-23,一统天下,sz001233,2026-09-24,3
2026-09-23,一统天下,sz001248,2026-09-24,3
2026-09-23,一统天下,sz001256,2026-09-24,3
2026-09-23,一统天下,sz001257,2026-09-24,3
2026-09-23,一统天下,sz001258,2026-09-24,3
2026-09-23,一统天下,sz001277,2026-09-24,3
2026-09-23,一统天下,sz001289,2026-09-24,3
2026-09-23,一统天下,sz001301,2026-09-24,3
2026-09-23,一统天下,sz001391,2026-09-24,3
2026-09-23,一统天下,sz002009,2026-09-24,3
2026-09-23,一统天下,sz002019,2026-09-24,3
2026-09-23,一统天下,sz002020,2026-09-24,3
2026-09-23,一统天下,sz002023,2026-09-24,3
2026-09-23,一统天下,sz002027,2026-09-24,3
2026-09-23,一统天下,sz002028,2026-09-24,3
2026-09-23,一统天下,sz002031,2026-09-24,3
2026-09-23,一统天下,sz002033,2026-09-24,3
2026-09-23,一统天下,sz002038,2026-09-24,3
2026-09-23,一统天下,sz002043,2026-09-24,3
2026-09-23,一统天下,sz002044,2026-09-24,3
2026-09-23,一统天下,sz002064,2026-09-24,3
2026-09-23,一统天下,sz002065,2026-09-24,3
2026-09-23,一统天下,sz002072,2026-09-24,3
2026-09-23,一统天下,sz002075,2026-09-24,3
2026-09-23,一统天下,sz002085,2026-09-24,3
2026-09-23,一统天下,sz002112,2026-09-24,3
2026-09-23,一统天下,sz002115,2026-09-24,3
2026-09-23,一统天下,sz002117,2026-09-24,3
2026-09-23,一统天下,sz002121,2026-09-24,3
2026-09-23,一统天下,sz002123,2026-09-24,3
2026-09-23,一统天下,sz002129,2026-09-24,3
2026-09-23,一统天下,sz002131,2026-09-24,3
2026-09-23,一统天下,sz002132,2026-09-24,3
2026-09-23,一统天下,sz002149,2026-09-24,3
2026-09-23,一统天下,sz002152,2026-09-24,3
2026-09-23,一统天下,sz002153,2026-09-24,3
2026-09-23,一统天下,sz002154,2026-09-24,3
2026-09-23,一统天下,sz002164,2026-09-24,3
2026-09-23,一统天下,sz002170,2026-09-24,3
2026-09-23,一统天下,sz002176,2026-09-24,3
2026-09-23,一统天下,sz002180,2026-09-24,3
2026-09-23,一统天下,sz002195,2026-09-24,3
2026-09-23,一统天下,sz002202,2026-09-24,3
2026-09-23,一统天下,sz002206,2026-09-24,3
2026-09-23,一统天下,sz002208,2026-09-24,3
2026-09-23,一统天下,sz002216,2026-09-24,3
2026-09-23,一统天下,sz002219,2026-09-24,3
2026-09-23,一统天下,sz002230,2026-09-24,3
2026-09-23,一统天下,sz002235,2026-09-24,3
2026-09-23,一统天下,sz002237,2026-09-24,3
2026-09-23,一统天下,sz002244,2026-09-24,3
2026-09-23,一统天下,sz002249,2026-09-24,3
2026-09-23,一统天下,sz002250,2026-09-24,3
2026-09-23,一统天下,sz002255,2026-09-24,3
2026-09-23,一统天下,sz002256,2026-09-24,3
2026-09-23,一统天下,sz002270,2026-09-24,3
2026-09-23,一统天下,sz002271,2026-09-24,3
2026-09-23,一统天下,sz002275,2026-09-24,3
2026-09-23,一统天下,sz002277,2026-09-24,3
2026-09-23,一统天下,sz002294,2026-09-24,3
2026-09-23,一统天下,sz002304,2026-09-24,3
2026-09-23,一统天下,sz002311,2026-09-24,3
2026-09-23,一统天下,sz002318,2026-09-24,3
2026-09-23,一统天下,sz002319,2026-09-24,3
2026-09-23,一统天下,sz002326,2026-09-24,3
2026-09-23,一统天下,sz002327,2026-09-24,3
2026-09-23,一统天下,sz002340,2026-09-24,3
2026-09-23,一统天下,sz002345,2026-09-24,3
2026-09-23,一统天下,sz002352,2026-09-24,3
2026-09-23,一统天下,sz002353,2026-09-24,3
2026-09-23,一统天下,sz002370,2026-09-24,3
2026-09-23,一统天下,sz002372,2026-09-24,3
2026-09-23,一统天下,sz002379,2026-09-24,3
2026-09-23,一统天下,sz002393,2026-09-24,3
2026-09-23,一统天下,sz002399,2026-09-24,3
2026-09-23,一统天下,sz002405,2026-09-24,3
2026-09-23,一统天下,sz002406,2026-09-24,3
2026-09-23,一统天下,sz002414,2026-09-24,3
2026-09-23,一统天下,sz002415,2026-09-24,3
2026-09-23,一统天下,sz002416,2026-09-24,3
2026-09-23,一统天下,sz002432,2026-09-24,3
2026-09-23,一统天下,sz002438,2026-09-24,3
2026-09-23,一统天下,sz002444,2026-09-24,3
2026-09-23,一统天下,sz002448,2026-09-24,3
2026-09-23,一统天下,sz002458,2026-09-24,3
2026-09-23,一统天下,sz002459,2026-09-24,3
2026-09-23,一统天下,sz002461,2026-09-24,3
2026-09-23,一统天下,sz002480,2026-09-24,3
2026-09-23,一统天下,sz002488,2026-09-24,3
2026-09-23,一统天下,sz002490,2026-09-24,3
2026-09-23,一统天下,sz002506,2026-09-24,3
2026-09-23,一统天下,sz002507,2026-09-24,3
2026-09-23,一统天下,sz002521,2026-09-24,3
2026-09-23,一统天下,sz002545,2026-09-24,3
2026-09-23,一统天下,sz002546,2026-09-24,3
2026-09-23,一统天下,sz002550,2026-09-24,3
2026-09-23,一统天下,sz002555,2026-09-24,3
2026-09-23,一统天下,sz002557,2026-09-24,3
2026-09-23,一统天下,sz002558,2026-09-24,3
2026-09-23,一统天下,sz002563,2026-09-24,3
2026-09-23,一统天下,sz002572,2026-09-24,3
2026-09-23,一统天下,sz002582,2026-09-24,3
2026-09-23,一统天下,sz002586,2026-09-24,3
2026-09-23,一统天下,sz002588,2026-09-24,3
2026-09-23,一统天下,sz002595,2026-09-24,3
2026-09-23,一统天下,sz002599,2026-09-24,3
2026-09-23,一统天下,sz002603,2026-09-24,3
2026-09-23,一统天下,sz002606,2026-09-24,3
2026-09-23,一统天下,sz002607,2026-09-24,3
2026-09-23,一统天下,sz002611,2026-09-24,3
2026-09-23,一统天下,sz002615,2026-09-24,3
2026-09-23,一统天下,sz002624,2026-09-24,3
2026-09-23,一统天下,sz002649,2026-09-24,3
2026-09-23,一统天下,sz002668,2026-09-24,3
2026-09-23,一统天下,sz002674,2026-09-24,3
2026-09-23,一统天下,sz002677,2026-09-24,3
2026-09-23,一统天下,sz002698,2026-09-24,3
2026-09-23,一统天下,sz002701,2026-09-24,3
2026-09-23,一统天下,sz002706,2026-09-24,3
2026-09-23,一统天下,sz002727,2026-09-24,3
2026-09-23,一统天下,sz002737,2026-09-24,3
2026-09-23,一统天下,sz002742,2026-09-24,3
2026-09-23,一统天下,sz002747,2026-09-24,3
2026-09-23,一统天下,sz002755,2026-09-24,3
2026-09-23,一统天下,sz002756,2026-09-24,3
2026-09-23,一统天下,sz002828,2026-09-24,3
2026-09-23,一统天下,sz002847,2026-09-24,3
2026-09-23,一统天下,sz002865,2026-09-24,3
2026-09-23,一统天下,sz002867,2026-09-24,3
2026-09-23,一统天下,sz002887,2026-09-24,3
2026-09-23,一统天下,sz002891,2026-09-24,3
2026-09-23,一统天下,sz002892,2026-09-24,3
2026-09-23,一统天下,sz002896,2026-09-24,3
2026-09-23,一统天下,sz002900,2026-09-24,3
2026-09-23,一统天下,sz002901,2026-09-24,3
2026-09-23,一统天下,sz002931,2026-09-24,3
2026-09-23,一统天下,sz002939,2026-09-24,3
2026-09-23,一统天下,sz002940,2026-09-24,3
2026-09-23,一统天下,sz002946,2026-09-24,3
2026-09-23,一统天下,sz002950,2026-09-24,3
2026-09-23,一统天下,sz002969,2026-09-24,3
2026-09-23,一统天下,sz002970,2026-09-24,3
2026-09-23,一统天下,sz002984,2026-09-24,3
2026-09-23,一统天下,sz002991,2026-09-24,3
2026-09-23,一统天下,sz003000,2026-09-24,3
2026-09-23,一统天下,sz003032,2026-09-24,3
2026-09-23,乾坤A,sz001234,2026-09-24,3
2026-09-23,乾坤A,sz002164,2026-09-24,3
2026-09-23,乾坤A,sz002724,2026-09-24,3
2026-09-23,乾坤A,sz003006,2026-09-24,3
2026-09-23,低空经济,sh600580,2026-09-24,3
2026-09-23,低空经济,sh600862,2026-09-24,3
2026-09-23,低空经济,sh600990,2026-09-24,3
2026-09-23,低空经济,sz000738,2026-09-24,3
2026-09-23,低空经济,sz000801,2026-09-24,3
2026-09-23,低空经济,sz001696,2026-09-24,3
2026-09-23,低空经济,sz002023,2026-09-24,3
2026-09-23,低空经济,sz002111,2026-09-24,3
2026-09-23,低空经济,sz002179,2026-09-24,3
2026-09-23,低空经济,sz002389,2026-09-24,3
2026-09-23,双弦,sh600018,2026-09-23,2
2026-09-23,双弦,sh600019,2026-09-23,2
2026-09-23,双弦,sh600023,2026-09-23,2
2026-09-23,双弦,sh600033,2026-09-23,2
2026-09-23,双弦,sh600037,2026-09-23,2
2026-09-23,双弦,sh600048,2026-09-23,2
2026-09-23,双弦,sh600064,2026-09-23,2
2026-09-23,双弦,sh600106,2026-09-23,2
2026-09-23,双弦,sh600115,2026-09-23,2
2026-09-23,双弦,sh600159,2026-09-23,2
2026-09-23,双弦,sh600197,2026-09-23,2
2026-09-23,双弦,sh600202,2026-09-23,2
2026-09-23,双弦,sh600207,2026-09-23,2
2026-09-23,双弦,sh600208,2026-09-23,2
2026-09-23,双弦,sh600226,2026-09-23,2
2026-09-23,双弦,sh600231,2026-09-23,2
2026-09-23,双弦,sh600232,2026-09-23,2
2026-09-23,双弦,sh600237,2026-09-23,2
2026-09-23,双弦,sh600261,2026-09-23,2
2026-09-23,双弦,sh600303,2026-09-23,2
2026-09-23,双弦,sh600307,2026-09-23,2
2026-09-23,双弦,sh600308,2026-09-23,2
2026-09-23,双弦,sh600322,2026-09-23,2
2026-09-23,双弦,sh600359,2026-09-23,2
2026-09-23,双弦,sh600429,2026-09-23,2
2026-09-23,双弦,sh600448,2026-09-23,2
2026-09-23,双弦,sh600545,2026-09-23,2
2026-09-23,双弦,sh600626,2026-09-23,2
2026-09-23,双弦,sh600637,2026-09-23,2
2026-09-23,双弦,sh600639,2026-09-23,2
2026-09-23,双弦,sh600655,2026-09-23,2
2026-09-23,双弦,sh600720,2026-09-23,2
2026-09-23,双弦,sh600787,2026-09-23,2
2026-09-23,双弦,sh600792,2026-09-23,2
2026-09-23,双弦,sh600831,2026-09-23,2
2026-09-23,双弦,sh600880,2026-09-23,2
2026-09-23,双弦,sh600883,2026-09-23,2
2026-09-23,双弦,sh600901,2026-09-23,2
2026-09-23,双弦,sh601113,2026-09-23,2
2026-09-23,双弦,sh601279,2026-09-23,2
2026-09-23,双弦,sh601588,2026-09-23,2
2026-09-23,双弦,sh601828,2026-09-23,2
2026-09-23,双弦,sh601992,2026-09-23,2
2026-09-23,双弦,sz000006,2026-09-23,2
2026-09-23,双弦,sz000035,2026-09-23,2
2026-09-23,双弦,sz000050,2026-09-23,2
2026-09-23,双弦,sz000055,2026-09-23,2
2026-09-23,双弦,sz000061,2026-09-23,2
2026-09-23,双弦,sz000068,2026-09-23,2
2026-09-23,双弦,sz000088,2026-09-23,2
2026-09-23,双弦,sz000089,2026-09-23,2
2026-09-23,双弦,sz000090,2026-09-23,2
2026-09-23,双弦,sz000401,2026-09-23,2
2026-09-23,双弦,sz000402,2026-09-23,2
2026-09-23,双弦,sz000498,2026-09-23,2
2026-09-23,双弦,sz000505,2026-09-23,2
2026-09-23,双弦,sz000514,2026-09-23,2
2026-09-23,双弦,sz000516,2026-09-23,2
2026-09-23,双弦,sz000529,2026-09-23,2
2026-09-23,双弦,sz000573,2026-09-23,2
2026-09-23,双弦,sz000592,2026-09-23,2
2026-09-23,双弦,sz000619,2026-09-23,2
2026-09-23,双弦,sz000620,2026-09-23,2
2026-09-23,双弦,sz000625,2026-09-23,2
2026-09-23,双弦,sz000631,2026-09-23,2
2026-09-23,双弦,sz000656,2026-09-23,2
2026-09-23,双弦,sz000670,2026-09-23,2
2026-09-23,双弦,sz000676,2026-09-23,2
2026-09-23,双弦,sz000713,2026-09-23,2
2026-09-23,双弦,sz000718,2026-09-23,2
2026-09-23,双弦,sz000736,2026-09-23,2
2026-09-23,双弦,sz000759,2026-09-23,2
2026-09-23,双弦,sz000785,2026-09-23,2
2026-09-23,双弦,sz000790,2026-09-23,2
2026-09-23,双弦,sz000859,2026-09-23,2
2026-09-23,双弦,sz000862,2026-09-23,2
2026-09-23,双弦,sz000863,2026-09-23,2
2026-09-23,双弦,sz000876,2026-09-23,2
2026-09-23,双弦,sz000886,2026-09-23,2
2026-09-23,双弦,sz000897,2026-09-23,2
2026-09-23,双弦,sz000906,2026-09-23,2
2026-09-23,双弦,sz000926,2026-09-23,2
2026-09-23,双弦,sz000953,2026-09-23,2
2026-09-23,双弦,sz000965,2026-09-23,2
2026-09-23,双弦,sz000972,2026-09-23,2
2026-09-23,双弦,sz000980,2026-09-23,2
2026-09-23,双弦,sz001322,2026-09-23,2
2026-09-23,双弦,sz001338,2026-09-23,2
2026-09-23,双弦,sz001356,2026-09-23,2
2026-09-23,双弦,sz001914,2026-09-23,2
2026-09-23,双弦,sz001965,2026-09-23,2
2026-09-23,双弦,sz002022,2026-09-23,2
2026-09-23,双弦,sz002035,2026-09-23,2
2026-09-23,双弦,sz002053,2026-09-23,2
2026-09-23,双弦,sz002057,2026-09-23,2
2026-09-23,双弦,sz002068,2026-09-23,2
2026-09-23,双弦,sz002069,2026-09-23,2
2026-09-23,双弦,sz002084,2026-09-23,2
2026-09-23,双弦,sz002086,2026-09-23,2
2026-09-23,双弦,sz002088,2026-09-23,2
2026-09-23,双弦,sz002098,2026-09-23,2
2026-09-23,双弦,sz002107,2026-09-23,2
2026-09-23,双弦,sz002129,2026-09-23,2
2026-09-23,双弦,sz002133,2026-09-23,2
2026-09-23,双弦,sz002137,2026-09-23,2
2026-09-23,双弦,sz002140,2026-09-23,2
2026-09-23,双弦,sz002141,2026-09-23,2
2026-09-23,双弦,sz002148,2026-09-23,2
2026-09-23,双弦,sz002162,2026-09-23,2
2026-09-23,双弦,sz002172,2026-09-23,2
2026-09-23,双弦,sz002178,2026-09-23,2
2026-09-23,双弦,sz002181,2026-09-23,2
2026-09-23,双弦,sz002188,2026-09-23,2
2026-09-23,双弦,sz002212,2026-09-23,2
2026-09-23,双弦,sz002226,2026-09-23,2
2026-09-23,双弦,sz002228,2026-09-23,2
2026-09-23,双弦,sz002233,2026-09-23,2
2026-09-23,双弦,sz002242,2026-09-23,2
2026-09-23,双弦,sz002252,2026-09-23,2
2026-09-23,双弦,sz002259,2026-09-23,2
2026-09-23,双弦,sz002263,2026-09-23,2
2026-09-23,双弦,sz002266,2026-09-23,2
2026-09-23,双弦,sz002296,2026-09-23,2
2026-09-23,双弦,sz002302,2026-09-23,2
2026-09-23,双弦,sz002307,2026-09-23,2
2026-09-23,双弦,sz002314,2026-09-23,2
2026-09-23,双弦,sz002328,2026-09-23,2
2026-09-23,双弦,sz002330,2026-09-23,2
2026-09-23,双弦,sz002332,2026-09-23,2
2026-09-23,双弦,sz002333,2026-09-23,2
2026-09-23,双弦,sz002337,2026-09-23,2
2026-09-23,双弦,sz002343,2026-09-23,2
2026-09-23,双弦,sz002367,2026-09-23,2
2026-09-23,双弦,sz002374,2026-09-23,2
2026-09-23,双弦,sz002375,2026-09-23,2
2026-09-23,双弦,sz002398,2026-09-23,2
2026-09-23,双弦,sz002400,2026-09-23,2
2026-09-23,双弦,sz002408,2026-09-23,2
2026-09-23,双弦,sz002449,2026-09-23,2
2026-09-23,双弦,sz002474,2026-09-23,2
2026-09-23,双弦,sz002480,2026-09-23,2
2026-09-23,双弦,sz002482,2026-09-23,2
2026-09-23,双弦,sz002483,2026-09-23,2
2026-09-23,双弦,sz002489,2026-09-23,2
2026-09-23,双弦,sz002494,2026-09-23,2
2026-09-23,双弦,sz002495,2026-09-23,2
2026-09-23,双弦,sz002516,2026-09-23,2
2026-09-23,双弦,sz002522,2026-09-23,2
2026-09-23,双弦,sz002524,2026-09-23,2
2026-09-23,双弦,sz002559,2026-09-23,2
2026-09-23,双弦,sz002562,2026-09-23,2
2026-09-23,双弦,sz002564,2026-09-23,2
2026-09-23,双弦,sz002565,2026-09-23,2
2026-09-23,双弦,sz002567,2026-09-23,2
2026-09-23,双弦,sz002584,2026-09-23,2
2026-09-23,双弦,sz002613,2026-09-23,2
2026-09-23,双弦,sz002617,2026-09-23,2
2026-09-23,双弦,sz002640,2026-09-23,2
2026-09-23,双弦,sz002688,2026-09-23,2
2026-09-23,双弦,sz002692,2026-09-23,2
2026-09-23,双弦,sz002696,2026-09-23,2
2026-09-23,双弦,sz002746,2026-09-23,2
2026-09-23,双弦,sz002783,2026-09-23,2
2026-09-23,双弦,sz002798,2026-09-23,2
2026-09-23,双弦,sz002817,2026-09-23,2
2026-09-23,双弦,sz002820,2026-09-23,2
2026-09-23,双弦,sz002873,2026-09-23,2
2026-09-23,双弦,sz003012,2026-09-23,2
2026-09-23,商业航天,sh600118,2026-09-24,3
2026-09-23,商业航天,sh600879,2026-09-24,3
2026-09-23,商业航天,sh603267,2026-09-24,3
2026-09-23,商业航天,sh603678,2026-09-24,3
2026-09-23,商业航天,sz000733,2026-09-24,3
2026-09-23,商业航天,sz001270,2026-09-24,3
2026-09-23,商业航天,sz002025,2026-09-24,3
2026-09-23,商业航天,sz002049,2026-09-24,3
2026-09-23,商业航天,sz002149,2026-09-24,3
2026-09-23,商业航天,sz002465,2026-09-24,3
2026-09-23,固态电池,sh600549,2026-09-24,3
2026-09-23,固态电池,sh603200,2026-09-24,3
2026-09-23,固态电池,sh603663,2026-09-24,3
2026-09-23,固态电池,sz002167,2026-09-24,3
2026-09-23,固态电池,sz002407,2026-09-24,3
2026-09-23,固态电池,sz002460,2026-09-24,3
2026-09-23,固态电池,sz002466,2026-09-24,3
2026-09-23,固态电池,sz002709,2026-09-24,3
2026-09-23,固态电池,sz002805,2026-09-24,3
2026-09-23,固态电池,sz002812,2026-09-24,3
2026-09-23,妖股,sh600281,2026-09-24,3
2026-09-23,妖股,sh600293,2026-09-24,3
2026-09-23,妖股,sh600354,2026-09-24,3
2026-09-23,妖股,sh600356,2026-09-24,3
2026-09-23,妖股,sh600403,2026-09-24,3
2026-09-23,妖股,sh600448,2026-09-24,3
2026-09-23,妖股,sh600479,2026-09-24,3
2026-09-23,妖股,sh600503,2026-09-24,3
2026-09-23,妖股,sh600577,2026-09-24,3
2026-09-23,妖股,sh600613,2026-09-24,3
2026-09-23,妖股,sh600630,2026-09-24,3
2026-09-23,妖股,sh600640,2026-09-24,3
2026-09-23,妖股,sh600664,2026-09-24,3
2026-09-23,妖股,sh600712,2026-09-24,3
2026-09-23,妖股,sh600721,2026-09-24,3
2026-09-23,妖股,sh600770,2026-09-24,3
2026-09-23,妖股,sh600785,2026-09-24,3
2026-09-23,妖股,sh600792,2026-09-24,3
2026-09-23,妖股,sh600802,2026-09-24,3
2026-09-23,妖股,sh600815,2026-09-24,3
2026-09-23,妖股,sh600838,2026-09-24,3
2026-09-23,妖股,sh600847,2026-09-24,3
2026-09-23,妖股,sh600881,2026-09-24,3
2026-09-23,妖股,sh600929,2026-09-24,3
2026-09-23,妖股,sh601949,2026-09-24,3
2026-09-23,妖股,sh603001,2026-09-24,3
2026-09-23,妖股,sh603020,2026-09-24,3
2026-09-23,妖股,sh603122,2026-09-24,3
2026-09-23,妖股,sh603258,2026-09-24,3
2026-09-23,妖股,sh603289,2026-09-24,3
2026-09-23,妖股,sh603636,2026-09-24,3
2026-09-23,妖股,sh603725,2026-09-24,3
2026-09-23,妖股,sh603937,2026-09-24,3
2026-09-23,妖股,sh605162,2026-09-24,3
2026-09-23,妖股,sh605218,2026-09-24,3
2026-09-23,妖股,sz000002,2026-09-24,3
2026-09-23,妖股,sz000020,2026-09-24,3
2026-09-23,妖股,sz000504,2026-09-24,3
2026-09-23,妖股,sz000509,2026-09-24,3
2026-09-23,妖股,sz000532,2026-09-24,3
2026-09-23,妖股,sz000560,2026-09-24,3
2026-09-23,妖股,sz000607,2026-09-24,3
2026-09-23,妖股,sz000676,2026-09-24,3
2026-09-23,妖股,sz000910,2026-09-24,3
2026-09-23,妖股,sz000980,2026-09-24,3
2026-09-23,妖股,sz000995,2026-09-24,3
2026-09-23,妖股,sz001376,2026-09-24,3
2026-09-23,妖股,sz002022,2026-09-24,3
2026-09-23,妖股,sz002084,2026-09-24,3
2026-09-23,妖股,sz002141,2026-09-24,3
2026-09-23,妖股,sz002161,2026-09-24,3
2026-09-23,妖股,sz002172,2026-09-24,3
2026-09-23,妖股,sz002259,2026-09-24,3
2026-09-23,妖股,sz002285,2026-09-24,3
2026-09-23,妖股,sz002298,2026-09-24,3
2026-09-23,妖股,sz002300,2026-09-24,3
2026-09-23,妖股,sz002301,2026-09-24,3
2026-09-23,妖股,sz002303,2026-09-24,3
2026-09-23,妖股,sz002313,2026-09-24,3
2026-09-23,妖股,sz002349,2026-09-24,3
2026-09-23,妖股,sz002388,2026-09-24,3
2026-09-23,妖股,sz002426,2026-09-24,3
2026-09-23,妖股,sz002453,2026-09-24,3
2026-09-23,妖股,sz002564,2026-09-24,3
2026-09-23,妖股,sz002585,2026-09-24,3
2026-09-23,妖股,sz002589,2026-09-24,3
2026-09-23,妖股,sz002614,2026-09-24,3
2026-09-23,妖股,sz002622,2026-09-24,3
2026-09-23,妖股,sz002631,2026-09-24,3
2026-09-23,妖股,sz002713,2026-09-24,3
2026-09-23,妖股,sz002724,2026-09-24,3
2026-09-23,妖股,sz002795,2026-09-24,3
2026-09-23,妖股,sz002836,2026-09-24,3
2026-09-23,妖股,sz002900,2026-09-24,3
2026-09-23,妖股,sz002909,2026-09-24,3
2026-09-23,宁静卡位,sh600183,2026-09-24,3
2026-09-23,宁静卡位,sh600206,2026-09-24,3
2026-09-23,宁静卡位,sh600487,2026-09-24,3
2026-09-23,宁静卡位,sh600577,2026-09-24,3
2026-09-23,宁静卡位,sh600584,2026-09-24,3
2026-09-23,宁静卡位,sh600703,2026-09-24,3
2026-09-23,宁静卡位,sh601100,2026-09-24,3
2026-09-23,宁静卡位,sh601138,2026-09-24,3
2026-09-23,宁静卡位,sh601869,2026-09-24,3
2026-09-23,宁静卡位,sh603019,2026-09-24,3
2026-09-23,宁静卡位,sh603662,2026-09-24,3
2026-09-23,宁静卡位,sh603667,2026-09-24,3
2026-09-23,宁静卡位,sh603728,2026-09-24,3
2026-09-23,宁静卡位,sh605488,2026-09-24,3
2026-09-23,宁静卡位,sz000021,2026-09-24,3
2026-09-23,宁静卡位,sz000725,2026-09-24,3
2026-09-23,宁静卡位,sz000977,2026-09-24,3
2026-09-23,宁静卡位,sz000988,2026-09-24,3
2026-09-23,宁静卡位,sz002130,2026-09-24,3
2026-09-23,宁静卡位,sz002156,2026-09-24,3
2026-09-23,宁静卡位,sz002273,2026-09-24,3
2026-09-23,宁静卡位,sz002281,2026-09-24,3
2026-09-23,宁静卡位,sz002428,2026-09-24,3
2026-09-23,宁静卡位,sz002463,2026-09-24,3
2026-09-23,宁静卡位,sz002472,2026-09-24,3
2026-09-23,宁静卡位,sz002536,2026-09-24,3
2026-09-23,宁静卡位,sz002600,2026-09-24,3
2026-09-23,宁静卡位,sz002837,2026-09-24,3
2026-09-23,宁静卡位,sz002851,2026-09-24,3
2026-09-23,宁静卡位,sz002896,2026-09-24,3
2026-09-23,宁静卡位,sz002916,2026-09-24,3
2026-09-23,宁静卡位,sz003021,2026-09-24,3
2026-09-23,才哥,sh600012,2026-09-24,3
2026-09-23,才哥,sh600230,2026-09-24,3
2026-09-23,才哥,sh600325,2026-09-24,3
2026-09-23,才哥,sh600418,2026-09-24,3
2026-09-23,才哥,sh600503,2026-09-24,3
2026-09-23,才哥,sh600605,2026-09-24,3
2026-09-23,才哥,sh600664,2026-09-24,3
2026-09-23,才哥,sh600714,2026-09-24,3
2026-09-23,才哥,sh600721,2026-09-24,3
2026-09-23,才哥,sh600770,2026-09-24,3
2026-09-23,才哥,sh600812,2026-09-24,3
2026-09-23,才哥,sh600815,2026-09-24,3
2026-09-23,才哥,sh600825,2026-09-24,3
2026-09-23,才哥,sh601579,2026-09-24,3
2026-09-23,才哥,sh603020,2026-09-24,3
2026-09-23,才哥,sh603067,2026-09-24,3
2026-09-23,才哥,sh603068,2026-09-24,3
2026-09-23,才哥,sh603175,2026-09-24,3
2026-09-23,才哥,sh603222,2026-09-24,3
2026-09-23,才哥,sh603230,2026-09-24,3
2026-09-23,才哥,sh603400,2026-09-24,3
2026-09-23,才哥,sh603580,2026-09-24,3
2026-09-23,才哥,sh603598,2026-09-24,3
2026-09-23,才哥,sh603773,2026-09-24,3
2026-09-23,才哥,sh603893,2026-09-24,3
2026-09-23,才哥,sh603903,2026-09-24,3
2026-09-23,才哥,sh603938,2026-09-24,3
2026-09-23,才哥,sh603958,2026-09-24,3
2026-09-23,才哥,sh603991,2026-09-24,3
2026-09-23,才哥,sh605178,2026-09-24,3
2026-09-23,才哥,sh605218,2026-09-24,3
2026-09-23,才哥,sz000002,2026-09-24,3
2026-09-23,才哥,sz000402,2026-09-24,3
2026-09-23,才哥,sz000532,2026-09-24,3
2026-09-23,才哥,sz000566,2026-09-24,3
2026-09-23,才哥,sz000607,2026-09-24,3
2026-09-23,才哥,sz000756,2026-09-24,3
2026-09-23,才哥,sz000868,2026-09-24,3
2026-09-23,才哥,sz000910,2026-09-24,3
2026-09-23,才哥,sz000995,2026-09-24,3
2026-09-23,才哥,sz001234,2026-09-24,3
2026-09-23,才哥,sz001317,2026-09-24,3
2026-09-23,才哥,sz001389,2026-09-24,3
2026-09-23,才哥,sz002119,2026-09-24,3
2026-09-23,才哥,sz002141,2026-09-24,3
2026-09-23,才哥,sz002178,2026-09-24,3
2026-09-23,才哥,sz002246,2026-09-24,3
2026-09-23,才哥,sz002259,2026-09-24,3
2026-09-23,才哥,sz002286,2026-09-24,3
2026-09-23,才哥,sz002290,2026-09-24,3
2026-09-23,才哥,sz002301,2026-09-24,3
2026-09-23,才哥,sz002303,2026-09-24,3
2026-09-23,才哥,sz002313,2026-09-24,3
2026-09-23,才哥,sz002467,2026-09-24,3
2026-09-23,才哥,sz002541,2026-09-24,3
2026-09-23,才哥,sz002564,2026-09-24,3
2026-09-23,才哥,sz002589,2026-09-24,3
2026-09-23,才哥,sz002622,2026-09-24,3
2026-09-23,才哥,sz002635,2026-09-24,3
2026-09-23,才哥,sz002672,2026-09-24,3
2026-09-23,才哥,sz002757,2026-09-24,3
2026-09-23,才哥,sz002768,2026-09-24,3
2026-09-23,才哥,sz002792,2026-09-24,3
2026-09-23,才哥,sz002795,2026-09-24,3
2026-09-23,才哥,sz002860,2026-09-24,3
2026-09-23,才哥,sz002900,2026-09-24,3
2026-09-23,才哥,sz002907,2026-09-24,3
2026-09-23,才哥,sz002937,2026-09-24,3
2026-09-23,猛兽突破,sh600371,2026-09-24,3
2026-09-23,猛兽突破,sh600825,2026-09-24,3
2026-09-23,猛兽突破,sh605058,2026-09-24,3
2026-09-23,猛兽突破,sz000739,2026-09-24,3
2026-09-23,猛兽突破,sz001228,2026-09-24,3
2026-09-23,猛兽突破,sz002768,2026-09-24,3
2026-09-23,猛兽突破,sz002827,2026-09-24,3
2026-09-23,猛兽突破,sz003033,2026-09-24,3
2026-09-23,西湖RSV,sh600127,2026-09-23,2
2026-09-23,西湖RSV,sh600228,2026-09-23,2
2026-09-23,西湖RSV,sh600371,2026-09-23,2
2026-09-23,西湖RSV,sh600601,2026-09-23,2
2026-09-23,西湖RSV,sh600641,2026-09-23,2
2026-09-23,西湖RSV,sh601811,2026-09-23,2
2026-09-23,西湖RSV,sh601882,2026-09-23,2
2026-09-23,西湖RSV,sh601886,2026-09-23,2
2026-09-23,西湖RSV,sh601998,2026-09-23,2
2026-09-23,西湖RSV,sh603175,2026-09-23,2
2026-09-23,西湖RSV,sh603221,2026-09-23,2
2026-09-23,西湖RSV,sh603259,2026-09-23,2
2026-09-23,西湖RSV,sh603268,2026-09-23,2
2026-09-23,西湖RSV,sh603270,2026-09-23,2
2026-09-23,西湖RSV,sh603373,2026-09-23,2
2026-09-23,西湖RSV,sh603991,2026-09-23,2
2026-09-23,西湖RSV,sz000560,2026-09-23,2
2026-09-23,西湖RSV,sz000739,2026-09-23,2
2026-09-23,西湖RSV,sz000782,2026-09-23,2
2026-09-23,西湖RSV,sz001326,2026-09-23,2
2026-09-23,西湖RSV,sz001378,2026-09-23,2
2026-09-23,西湖RSV,sz002141,2026-09-23,2
2026-09-23,西湖RSV,sz002303,2026-09-23,2
2026-09-23,西湖RSV,sz002768,2026-09-23,2
2026-09-23,西湖RSV,sz002821,2026-09-23,2
2026-09-23,西湖RSV,sz002827,2026-09-23,2
2026-09-23,西湖RSV,sz002849,2026-09-23,2
2026-09-23,西湖RSV,sz002913,2026-09-23,2
2026-09-23,西湖RSV,sz002963,2026-09-23,2
2026-09-23,西湖RSV,sz003030,2026-09-23,2
2026-09-23,鱼身,sh600010,2026-09-24,3
2026-09-23,鱼身,sh600011,2026-09-24,3
2026-09-23,鱼身,sh600016,2026-09-24,3
2026-09-23,鱼身,sh600019,2026-09-24,3
2026-09-23,鱼身,sh600027,2026-09-24,3
2026-09-23,鱼身,sh600030,2026-09-24,3
2026-09-23,鱼身,sh600031,2026-09-24,3
2026-09-23,鱼身,sh600036,2026-09-24,3
2026-09-23,鱼身,sh600048,2026-09-24,3
2026-09-23,鱼身,sh600050,2026-09-24,3
2026-09-23,鱼身,sh600085,2026-09-24,3
2026-09-23,鱼身,sh600104,2026-09-24,3
2026-09-23,鱼身,sh600129,2026-09-24,3
2026-09-23,鱼身,sh600150,2026-09-24,3
2026-09-23,鱼身,sh600171,2026-09-24,3
2026-09-23,鱼身,sh600196,2026-09-24,3
2026-09-23,鱼身,sh600276,2026-09-24,3
2026-09-23,鱼身,sh600309,2026-09-24,3
2026-09-23,鱼身,sh600362,2026-09-24,3
2026-09-23,鱼身,sh600400,2026-09-24,3
2026-09-23,鱼身,sh600436,2026-09-24,3
2026-09-23,鱼身,sh600438,2026-09-24,3
2026-09-23,鱼身,sh600460,2026-09-24,3
2026-09-23,鱼身,sh600511,2026-09-24,3
2026-09-23,鱼身,sh600519,2026-09-24,3
2026-09-23,鱼身,sh600559,2026-09-24,3
2026-09-23,鱼身,sh600570,2026-09-24,3
2026-09-23,鱼身,sh600585,2026-09-24,3
2026-09-23,鱼身,sh600588,2026-09-24,3
2026-09-23,鱼身,sh600600,2026-09-24,3
2026-09-23,鱼身,sh600606,2026-09-24,3
2026-09-23,鱼身,sh600637,2026-09-24,3
2026-09-23,鱼身,sh600685,2026-09-24,3
2026-09-23,鱼身,sh600690,2026-09-24,3
2026-09-23,鱼身,sh600703,2026-09-24,3
2026-09-23,鱼身,sh600760,2026-09-24,3
2026-09-23,鱼身,sh600809,2026-09-24,3
2026-09-23,鱼身,sh600837,2026-09-24,3
2026-09-23,鱼身,sh600845,2026-09-24,3
2026-09-23,鱼身,sh600882,2026-09-24,3
2026-09-23,鱼身,sh600886,2026-09-24,3
2026-09-23,鱼身,sh600887,2026-09-24,3
2026-09-23,鱼身,sh600893,2026-09-24,3
2026-09-23,鱼身,sh600900,2026-09-24,3
2026-09-23,鱼身,sh600941,2026-09-24,3
2026-09-23,鱼身,sh600959,2026-09-24,3
2026-09-23,鱼身,sh600989,2026-09-24,3
2026-09-23,鱼身,sh601012,2026-09-24,3
2026-09-23,鱼身,sh601100,2026-09-24,3
2026-09-23,鱼身,sh601166,2026-09-24,3
2026-09-23,鱼身,sh601186,2026-09-24,3
2026-09-23,鱼身,sh601211,2026-09-24,3
2026-09-23,鱼身,sh601216,2026-09-24,3
2026-09-23,鱼身,sh601318,2026-09-24,3
2026-09-23,鱼身,sh601390,2026-09-24,3
2026-09-23,鱼身,sh601398,2026-09-24,3
2026-09-23,鱼身,sh601600,2026-09-24,3
2026-09-23,鱼身,sh601619,2026-09-24,3
2026-09-23,鱼身,sh601628,2026-09-24,3
2026-09-23,鱼身,sh601668,2026-09-24,3
2026-09-23,鱼身,sh601688,2026-09-24,3
2026-09-23,鱼身,sh601727,2026-09-24,3
2026-09-23,鱼身,sh601728,2026-09-24,3
2026-09-23,鱼身,sh601877,2026-09-24,3
2026-09-23,鱼身,sh601899,2026-09-24,3
2026-09-23,鱼身,sh601939,2026-09-24,3
2026-09-23,鱼身,sh601985,2026-09-24,3
2026-09-23,鱼身,sh603019,2026-09-24,3
2026-09-23,鱼身,sh603169,2026-09-24,3
2026-09-23,鱼身,sh603259,2026-09-24,3
2026-09-23,鱼身,sh603444,2026-09-24,3
2026-09-23,鱼身,sh603501,2026-09-24,3
2026-09-23,鱼身,sh603538,2026-09-24,3
2026-09-23,鱼身,sh603669,2026-09-24,3
2026-09-23,鱼身,sh603986,2026-09-24,3
2026-09-23,鱼身,sz000001,2026-09-24,3
2026-09-23,鱼身,sz000002,2026-09-24,3
2026-09-23,鱼身,sz000063,2026-09-24,3
2026-09-23,鱼身,sz000100,2026-09-24,3
2026-09-23,鱼身,sz000333,2026-09-24,3
2026-09-23,鱼身,sz000423,2026-09-24,3
2026-09-23,鱼身,sz000538,2026-09-24,3
2026-09-23,鱼身,sz000568,2026-09-24,3
2026-09-23,鱼身,sz000625,2026-09-24,3
2026-09-23,鱼身,sz000651,2026-09-24,3
2026-09-23,鱼身,sz000776,2026-09-24,3
2026-09-23,鱼身,sz000830,2026-09-24,3
2026-09-23,鱼身,sz000858,2026-09-24,3
2026-09-23,鱼身,sz000895,2026-09-24,3
2026-09-23,鱼身,sz000960,2026-09-24,3
2026-09-23,鱼身,sz000977,2026-09-24,3
2026-09-23,鱼身,sz002001,2026-09-24,3
2026-09-23,鱼身,sz002007,2026-09-24,3
2026-09-23,鱼身,sz002049,2026-09-24,3
2026-09-23,鱼身,sz002050,2026-09-24,3
2026-09-23,鱼身,sz002129,2026-09-24,3
2026-09-23,鱼身,sz002156,2026-09-24,3
2026-09-23,鱼身,sz002185,2026-09-24,3
2026-09-23,鱼身,sz002230,2026-09-24,3
2026-09-23,鱼身,sz002236,2026-09-24,3
2026-09-23,鱼身,sz002281,2026-09-24,3
2026-09-23,鱼身,sz002304,2026-09-24,3
2026-09-23,鱼身,sz002340,2026-09-24,3
2026-09-23,鱼身,sz002353,2026-09-24,3
2026-09-23,鱼身,sz002371,2026-09-24,3
2026-09-23,鱼身,sz002415,2026-09-24,3
2026-09-23,鱼身,sz002459,2026-09-24,3
2026-09-23,鱼身,sz002460,2026-09-24,3
2026-09-23,鱼身,sz002475,2026-09-24,3
2026-09-23,鱼身,sz002520,2026-09-24,3
2026-09-23,鱼身,sz002555,2026-09-24,3
2026-09-23,鱼身,sz002557,2026-09-24,3
2026-09-23,鱼身,sz002594,2026-09-24,3
2026-09-23,鱼身,sz002601,2026-09-24,3
2026-09-23,鱼身,sz002714,2026-09-24,3
2026-09-23,鱼身,sz002821,2026-09-24,3
2026-09-23,鱼身,sz003816,2026-09-24,3
2026-09-23,龙头,sh600418,2026-09-24,3
2026-09-23,龙头,sh600487,2026-09-24,3
2026-09-23,龙头,sh600503,2026-09-24,3
2026-09-23,龙头,sh600641,2026-09-24,3
2026-09-23,龙头,sh600664,2026-09-24,3
2026-09-23,龙头,sh600743,2026-09-24,3
2026-09-23,龙头,sh601811,2026-09-24,3
2026-09-23,龙头,sh603636,2026-09-24,3
2026-09-23,龙头,sh603893,2026-09-24,3
2026-09-23,龙头,sh603986,2026-09-24,3
2026-09-23,龙头,sh605058,2026-09-24,3
2026-09-23,龙头,sz000560,2026-09-24,3
2026-09-23,龙头,sz000725,2026-09-24,3
2026-09-23,龙头,sz000910,2026-09-24,3
2026-09-23,龙头,sz001234,2026-09-24,3
2026-09-23,龙头,sz002384,2026-09-24,3
2026-09-23,龙头,sz002436,2026-09-24,3
2026-09-23,龙头,sz002463,2026-09-24,3
2026-09-23,龙头,sz002614,2026-09-24,3
2026-09-23,龙头,sz002636,2026-09-24,3
2026-09-23,龙头战法,sh600825,2026-09-24,3
2026-09-23,龙头战法,sh601811,2026-09-24,3
2026-09-23,龙头战法,sh603020,2026-09-23,2
2026-09-23,龙头战法,sh603230,2026-09-23,2
2026-09-23,龙头战法,sz000504,2026-09-23,2
2026-09-23,龙头战法,sz000607,2026-09-23,2
2026-09-23,龙头战法,sz001216,2026-09-23,2
2026-09-23,龙头战法,sz002303,2026-09-23,2
2026-09-24,一统天下,sh600008,2026-09-24,1
2026-09-24,一统天下,sh600029,2026-09-24,1
2026-09-24,一统天下,sh600030,2026-09-24,1
2026-09-24,一统天下,sh600031,2026-09-24,1
2026-09-24,一统天下,sh600055,2026-09-24,1
2026-09-24,一统天下,sh600056,2026-09-24,1
2026-09-24,一统天下,sh600058,2026-09-24,1
2026-09-24,一统天下,sh600066,2026-09-24,1
2026-09-24,一统天下,sh600076,2026-09-24,1
2026-09-24,一统天下,sh600085,2026-09-24,1
2026-09-24,一统天下,sh600363,2026-09-24,1
2026-09-24,一统天下,sh600376,2026-09-24,1
2026-09-24,一统天下,sh600797,2026-09-24,1
2026-09-24,一统天下,sh600800,2026-09-24,1
2026-09-24,一统天下,sz000751,2026-09-24,1
2026-09-24,一统天下,sz000815,2026-09-24,1
2026-09-24,一统天下,sz000818,2026-09-24,1
2026-09-24,一统天下,sz001323,2026-09-24,1
2026-09-24,一统天下,sz002060,2026-09-24,1
2026-09-24,一统天下,sz002310,2026-09-24,1
2026-09-24,才哥,sh603319,2026-09-24,1
2026-09-24,龙头战法,sh600503,2026-09-24,1
2026-09-24,龙头战法,sh600743,2026-09-24,1
2026-09-24,龙头战法,sh605058,2026-09-24,1
2026-09-24,龙头战法,sz000560,2026-09-24,1
2026-09-24,龙头战法,sz000910,2026-09-24,1
2026-09-24,龙头战法,sz001234,2026-09-24,1
2026-09-24,龙头战法,sz002614,2026-09-24,1
